#
# There is insufficient memory for the Java Runtime Environment to continue.
# Native memory allocation (malloc) failed to allocate 481136 bytes. Error detail: Chunk::new
# Possible reasons:
#   The system is out of physical RAM or swap space
#   This process is running with CompressedOops enabled, and the Java Heap may be blocking the growth of the native heap
# Possible solutions:
#   Reduce memory load on the system
#   Increase physical memory or swap space
#   Check if swap backing store is full
#   Decrease Java heap size (-Xmx/-Xms)
#   Decrease number of Java threads
#   Decrease Java thread stack sizes (-Xss)
#   Set larger code cache with -XX:ReservedCodeCacheSize=
#   JVM is running with Unscaled Compressed Oops mode in which the Java heap is
#     placed in the first 4GB address space. The Java Heap base address is the
#     maximum limit for the native heap growth. Please use -XX:HeapBaseMinAddress
#     to set the Java Heap base and to place the Java Heap above 4GB virtual address.
# This output file may be truncated or incomplete.
#
#  Out of Memory Error (arena.cpp:150), pid=3164, tid=9384
#
# JRE version: OpenJDK Runtime Environment (22.0.1+8) (build 22.0.1+8-16)
# Java VM: OpenJDK 64-Bit Server VM (22.0.1+8-16, mixed mode, sharing, tiered, compressed oops, compressed class ptrs, g1 gc, windows-amd64)
# No core dump will be written. Minidumps are not enabled by default on client versions of Windows
#

---------------  S U M M A R Y ------------

Command Line: --add-opens=java.base/java.lang=ALL-UNNAMED --add-opens=java.base/java.lang.invoke=ALL-UNNAMED --add-opens=java.base/java.util=ALL-UNNAMED --add-opens=java.prefs/java.util.prefs=ALL-UNNAMED --add-exports=jdk.compiler/com.sun.tools.javac.api=ALL-UNNAMED --add-exports=jdk.compiler/com.sun.tools.javac.util=ALL-UNNAMED --add-opens=java.base/java.util=ALL-UNNAMED --add-opens=java.prefs/java.util.prefs=ALL-UNNAMED --add-opens=java.base/java.nio.charset=ALL-UNNAMED --add-opens=java.base/java.net=ALL-UNNAMED --add-opens=java.base/java.util.concurrent.atomic=ALL-UNNAMED --add-opens=java.xml/javax.xml.namespace=ALL-UNNAMED -XX:MaxMetaspaceSize=512m -Xmx2048m -Dfile.encoding=UTF-8 -Duser.country=BR -Duser.language=pt -Duser.variant -javaagent:C:\Users\NATAN GAME\.gradle\wrapper\dists\gradle-8.14.3-bin\cv11ve7ro1n3o1j4so8xd9n66\gradle-8.14.3\lib\agents\gradle-instrumentation-agent-8.14.3.jar org.gradle.launcher.daemon.bootstrap.GradleDaemon 8.14.3

Host: AMD Ryzen 5 5600G with Radeon Graphics         , 12 cores, 7G,  Windows 10 , 64 bit Build 19041 (10.0.19041.5198)
Time: Fri Nov 21 00:56:07 2025 Hora oficial do Brasil elapsed time: 736.398869 seconds (0d 0h 12m 16s)

---------------  T H R E A D  ---------------

Current thread (0x0000018d77a34b70):  JavaThread "C2 CompilerThread1" daemon [_thread_in_native, id=9384, stack(0x0000008b8d700000,0x0000008b8d800000) (1024K)]


Current CompileTask:
C2:736398 58378       4       groovyjarjarantlr4.v4.runtime.atn.ParserATNSimulator::ruleTransition (94 bytes)

Stack: [0x0000008b8d700000,0x0000008b8d800000]
Native frames: (J=compiled Java code, j=interpreted, Vv=VM code, C=native code)
V  [jvm.dll+0x6e2279]  (no source info available)
V  [jvm.dll+0x874e33]  (no source info available)
V  [jvm.dll+0x87725e]  (no source info available)
V  [jvm.dll+0x877933]  (no source info available)
V  [jvm.dll+0x27fd76]  (no source info available)
V  [jvm.dll+0xc3d0f]  (no source info available)
V  [jvm.dll+0xc3f6b]  (no source info available)
V  [jvm.dll+0x3bb0d2]  (no source info available)
V  [jvm.dll+0x387b6b]  (no source info available)
V  [jvm.dll+0x386fda]  (no source info available)
V  [jvm.dll+0x247918]  (no source info available)
V  [jvm.dll+0x246fbf]  (no source info available)
V  [jvm.dll+0x1c4e90]  (no source info available)
V  [jvm.dll+0x2569fe]  (no source info available)
V  [jvm.dll+0x254cba]  (no source info available)
V  [jvm.dll+0x3f5336]  (no source info available)
V  [jvm.dll+0x81d44b]  (no source info available)
V  [jvm.dll+0x6e0915]  (no source info available)
C  [ucrtbase.dll+0x21bb2]  (no source info available)
C  [KERNEL32.DLL+0x17374]  (no source info available)
C  [ntdll.dll+0x4cc91]  (no source info available)


---------------  P R O C E S S  ---------------

Threads class SMR info:
_java_thread_list=0x0000018d778628d0, length=284, elements={
0x0000018d23567e60, 0x0000018d4249f660, 0x0000018d424a0580, 0x0000018d424a4900,
0x0000018d424a5360, 0x0000018d424b01e0, 0x0000018d424d6160, 0x0000018d424d7500,
0x0000018d424d7fb0, 0x0000018d426ed720, 0x0000018d426ee440, 0x0000018d426eead0,
0x0000018d426eb650, 0x0000018d426ec370, 0x0000018d6371e7f0, 0x0000018d63718c10,
0x0000018d6371fba0, 0x0000018d6371c090, 0x0000018d637192a0, 0x0000018d6371ace0,
0x0000018d6371b370, 0x0000018d6371ba00, 0x0000018d6371c720, 0x0000018d651ec9c0,
0x0000018d651f04d0, 0x0000018d651f1f10, 0x0000018d651f0b60, 0x0000018d651f25a0,
0x0000018d651ed050, 0x0000018d651edd70, 0x0000018d64a7c8c0, 0x0000018d643e2e40,
0x0000018d680d1ba0, 0x0000018d688be5e0, 0x0000018d6d1f0600, 0x0000018d6d0abbf0,
0x0000018d65ed67e0, 0x0000018d680d0e80, 0x0000018d6ea0b260, 0x0000018d6dc21b70,
0x0000018d6ea0bf80, 0x0000018d6d9d8290, 0x0000018d6d9d8920, 0x0000018d6d9d6ee0,
0x0000018d6e57c5b0, 0x0000018d77bdc180, 0x0000018d77bde8e0, 0x0000018d77bdef70,
0x0000018d77bdc810, 0x0000018d6ea0e050, 0x0000018d6ea0c610, 0x0000018d70def560,
0x0000018d70dedb20, 0x0000018d6ea0d330, 0x0000018d6ea0d9c0, 0x0000018d7089a6f0,
0x0000018d7089c7c0, 0x0000018d7089ce50, 0x0000018d7089ad80, 0x0000018d708999d0,
0x0000018d7089a060, 0x0000018d7089c130, 0x0000018d658ed330, 0x0000018d658e9eb0,
0x0000018d658ea540, 0x0000018d658ec610, 0x0000018d658ecca0, 0x0000018d658eabd0,
0x0000018d658eb8f0, 0x0000018d6d36bc40, 0x0000018d6d36cff0, 0x0000018d6d36d680,
0x0000018d6f0d1790, 0x0000018d6f0cfd50, 0x0000018d6f0d1100, 0x0000018d6f0d1e20,
0x0000018d6f0cf030, 0x0000018d6f0cf6c0, 0x0000018d6f0d0a70, 0x0000018d6f0d03e0,
0x0000018d6f5c24b0, 0x0000018d6f5c31d0, 0x0000018d6f5c3860, 0x0000018d6f5c3ef0,
0x0000018d6f5c4580, 0x0000018d6f5c4c10, 0x0000018d6f5c52a0, 0x0000018d64826e80,
0x0000018d648288c0, 0x0000018d64828f50, 0x0000018d64825ad0, 0x0000018d64826160,
0x0000018d648267f0, 0x0000018d6d0ac280, 0x0000018d6d36dd10, 0x0000018d6d36e3a0,
0x0000018d6e57d960, 0x0000018d6e57dff0, 0x0000018d6e57bf20, 0x0000018d6e57e680,
0x0000018d6e57cc40, 0x0000018d6e57b890, 0x0000018d6e57ed10, 0x0000018d680d1510,
0x0000018d680d2230, 0x0000018d6e57d2d0, 0x0000018d6d5665b0, 0x0000018d6d5644e0,
0x0000018d6d565890, 0x0000018d6d564b70, 0x0000018d6d565200, 0x0000018d6d565f20,
0x0000018d6d566c40, 0x0000018d6f35f680, 0x0000018d6f35e2d0, 0x0000018d7632b1c0,
0x0000018d6d563e50, 0x0000018d622f13e0, 0x0000018d7632a4a0, 0x0000018d77895fc0,
0x0000018d64a79440, 0x0000018d77896650, 0x0000018d77897a00, 0x0000018d6e2f5be0,
0x0000018d6e2f4ec0, 0x0000018d6e2f6f90, 0x0000018d6e2f4830, 0x0000018d6e2f7620,
0x0000018d6e2f7cb0, 0x0000018d6e2f6900, 0x0000018d6e2f5550, 0x0000018d6e691dd0,
0x0000018d6e6910b0, 0x0000018d6e68e950, 0x0000018d6f35cf20, 0x0000018d622f0d50,
0x0000018d6dc1e6f0, 0x0000018d6dc1ed80, 0x0000018d71848890, 0x0000018d6dc1f410,
0x0000018d6ea0e6e0, 0x0000018d6dc1faa0, 0x0000018d77ba5770, 0x0000018d77ba71b0,
0x0000018d77896ce0, 0x0000018d77897370, 0x0000018d77894580, 0x0000018d77894c10,
0x0000018d778952a0, 0x0000018d77831b90, 0x0000018d77ba50e0, 0x0000018d77832220,
0x0000018d77ba5e00, 0x0000018d778328b0, 0x0000018d7632ab30, 0x0000018d77832f40,
0x0000018d763290f0, 0x0000018d778335d0, 0x0000018d76329780, 0x0000018d77830150,
0x0000018d7632c570, 0x0000018d778307e0, 0x0000018d7632b850, 0x0000018d77830e70,
0x0000018d7632bee0, 0x0000018d76f333d0, 0x0000018d65e86b10, 0x0000018d76f33a60,
0x0000018d65e88be0, 0x0000018d76f36850, 0x0000018d70dece00, 0x0000018d6f35fd10,
0x0000018d622f2e20, 0x0000018d622f1a70, 0x0000018d622f2100, 0x0000018d622f2790,
0x0000018d622ef9a0, 0x0000018d688bec70, 0x0000018d688bf300, 0x0000018d688bdf50,
0x0000018d643e34d0, 0x0000018d643e3b60, 0x0000018d76f340f0, 0x0000018d76f34780,
0x0000018d76f34e10, 0x0000018d76f35b30, 0x0000018d77bdcea0, 0x0000018d77bde250,
0x0000018d77bddbc0, 0x0000018d77bdd530, 0x0000018d77bdbaf0, 0x0000018d689931b0,
0x0000018d68993840, 0x0000018d68993ed0, 0x0000018d6e4e6b90, 0x0000018d6e4e7f40,
0x0000018d6e4e85d0, 0x0000018d6e4e8c60, 0x0000018d6e4e7220, 0x0000018d6e4e6500,
0x0000018d6e4e92f0, 0x0000018d6e4e78b0, 0x0000018d6fb93530, 0x0000018d6fb90740,
0x0000018d66153d00, 0x0000018d6fb93bc0, 0x0000018d71841900, 0x0000018d661550b0,
0x0000018d6fb91af0, 0x0000018d6d253280, 0x0000018d6f35dc40, 0x0000018d6dc20130,
0x0000018d640fc490, 0x0000018d70e6f460, 0x0000018d6e217da0, 0x0000018d6e2197e0,
0x0000018d781ed3d0, 0x0000018d781e8ba0, 0x0000018d63f0faa0, 0x0000018d6e21b220,
0x0000018d65e85760, 0x0000018d640fd1b0, 0x0000018d6d252bf0, 0x0000018d781ee780,
0x0000018d6f35d5b0, 0x0000018d6f3603a0, 0x0000018d6f35e960, 0x0000018d6dc207c0,
0x0000018d63f0d340, 0x0000018d63f0e060, 0x0000018d70e70810, 0x0000018d70e6e0b0,
0x0000018d71842620, 0x0000018d70dec770, 0x0000018d70ded490, 0x0000018d63f0ccb0,
0x0000018d63f10130, 0x0000018d773684f0, 0x0000018d781eee10, 0x0000018d781ec6b0,
0x0000018d781eda60, 0x0000018d781ef4a0, 0x0000018d77368b80, 0x0000018d77366420,
0x0000018d65e85df0, 0x0000018d6d253910, 0x0000018d6d254630, 0x0000018d6e218430,
0x0000018d6514d410, 0x0000018d70373b50, 0x0000018d66155dd0, 0x0000018d66156460,
0x0000018d66157180, 0x0000018d640fb770, 0x0000018d6e21d2f0, 0x0000018d6514c6f0,
0x0000018d7032af70, 0x0000018d70325a20, 0x0000018d7032a250, 0x0000018d70328ea0,
0x0000018d70327af0, 0x0000018d70329bc0, 0x0000018d70326dd0, 0x0000018d70329530,
0x0000018d7032a8e0, 0x0000018d7032b600, 0x0000018d70328180, 0x0000018d7032c320,
0x0000018d6d5fbde0, 0x0000018d778bf410, 0x0000018d778bfaa0, 0x0000018d778be6f0,
0x0000018d76cc6960, 0x0000018d765e2580, 0x0000018d79a16c30, 0x0000018d78618410,
0x0000018d786e38b0, 0x0000018d786e2500, 0x0000018d718439d0, 0x0000018d6e21d980,
0x0000018d70376fd0, 0x0000018d70377660, 0x0000018d71843340, 0x0000018d77a34b70
}

Java Threads: ( => current thread )
  0x0000018d23567e60 JavaThread "main"                              [_thread_blocked, id=2068, stack(0x0000008bf9300000,0x0000008bf9400000) (1024K)]
  0x0000018d4249f660 JavaThread "Reference Handler"          daemon [_thread_blocked, id=13160, stack(0x0000008bf9b00000,0x0000008bf9c00000) (1024K)]
  0x0000018d424a0580 JavaThread "Finalizer"                  daemon [_thread_blocked, id=1088, stack(0x0000008bf9c00000,0x0000008bf9d00000) (1024K)]
  0x0000018d424a4900 JavaThread "Signal Dispatcher"          daemon [_thread_blocked, id=1800, stack(0x0000008bf9d00000,0x0000008bf9e00000) (1024K)]
  0x0000018d424a5360 JavaThread "Attach Listener"            daemon [_thread_blocked, id=16196, stack(0x0000008bf9e00000,0x0000008bf9f00000) (1024K)]
  0x0000018d424b01e0 JavaThread "Service Thread"             daemon [_thread_blocked, id=16536, stack(0x0000008bf9f00000,0x0000008bfa000000) (1024K)]
  0x0000018d424d6160 JavaThread "Monitor Deflation Thread"   daemon [_thread_blocked, id=4944, stack(0x0000008bfa000000,0x0000008bfa100000) (1024K)]
  0x0000018d424d7500 JavaThread "C2 CompilerThread0"         daemon [_thread_in_native, id=14032, stack(0x0000008bfa100000,0x0000008bfa200000) (1024K)]
  0x0000018d424d7fb0 JavaThread "C1 CompilerThread0"         daemon [_thread_blocked, id=4232, stack(0x0000008bfa200000,0x0000008bfa300000) (1024K)]
  0x0000018d426ed720 JavaThread "Common-Cleaner"             daemon [_thread_blocked, id=6288, stack(0x0000008bfa300000,0x0000008bfa400000) (1024K)]
  0x0000018d426ee440 JavaThread "Notification Thread"        daemon [_thread_blocked, id=17148, stack(0x0000008bfa400000,0x0000008bfa500000) (1024K)]
  0x0000018d426eead0 JavaThread "Daemon health stats"               [_thread_blocked, id=13156, stack(0x0000008bfae00000,0x0000008bfaf00000) (1024K)]
  0x0000018d426eb650 JavaThread "Incoming local TCP Connector on port 56905"        [_thread_in_native, id=1680, stack(0x0000008bfaf00000,0x0000008bfb000000) (1024K)]
  0x0000018d426ec370 JavaThread "Daemon periodic checks"            [_thread_blocked, id=15396, stack(0x0000008bfb000000,0x0000008bfb100000) (1024K)]
  0x0000018d6371e7f0 JavaThread "Cache worker for journal cache (C:\Users\NATAN GAME\.gradle\caches\journal-1)"        [_thread_blocked, id=14500, stack(0x0000008bfb800000,0x0000008bfb900000) (1024K)]
  0x0000018d63718c10 JavaThread "File lock request listener"        [_thread_in_native, id=15864, stack(0x0000008bfb900000,0x0000008bfba00000) (1024K)]
  0x0000018d6371fba0 JavaThread "Cache worker for file hash cache (C:\Users\NATAN GAME\.gradle\caches\8.14.3\fileHashes)"        [_thread_blocked, id=12172, stack(0x0000008bfba00000,0x0000008bfbb00000) (1024K)]
  0x0000018d6371c090 JavaThread "File watcher server"        daemon [_thread_in_native, id=11480, stack(0x0000008bfc000000,0x0000008bfc100000) (1024K)]
  0x0000018d637192a0 JavaThread "File watcher consumer"      daemon [_thread_blocked, id=13232, stack(0x0000008bfc100000,0x0000008bfc200000) (1024K)]
  0x0000018d6371ace0 JavaThread "jar transforms"                    [_thread_blocked, id=10492, stack(0x0000008bfc200000,0x0000008bfc300000) (1024K)]
  0x0000018d6371b370 JavaThread "jar transforms Thread 2"           [_thread_blocked, id=3464, stack(0x0000008bfc300000,0x0000008bfc400000) (1024K)]
  0x0000018d6371ba00 JavaThread "jar transforms Thread 3"           [_thread_blocked, id=16232, stack(0x0000008bfc400000,0x0000008bfc500000) (1024K)]
  0x0000018d6371c720 JavaThread "jar transforms Thread 4"           [_thread_blocked, id=15972, stack(0x0000008bfc500000,0x0000008bfc600000) (1024K)]
  0x0000018d651ec9c0 JavaThread "jar transforms Thread 5"           [_thread_blocked, id=6092, stack(0x0000008bfc600000,0x0000008bfc700000) (1024K)]
  0x0000018d651f04d0 JavaThread "Cache worker for file content cache (C:\Users\NATAN GAME\.gradle\caches\8.14.3\fileContent)"        [_thread_blocked, id=9468, stack(0x0000008bfc800000,0x0000008bfc900000) (1024K)]
  0x0000018d651f1f10 JavaThread "jar transforms Thread 6"           [_thread_blocked, id=9868, stack(0x0000008bfc900000,0x0000008bfca00000) (1024K)]
  0x0000018d651f0b60 JavaThread "jar transforms Thread 7"           [_thread_blocked, id=17232, stack(0x0000008bfca00000,0x0000008bfcb00000) (1024K)]
  0x0000018d651f25a0 JavaThread "jar transforms Thread 8"           [_thread_blocked, id=11952, stack(0x0000008bfcb00000,0x0000008bfcc00000) (1024K)]
  0x0000018d651ed050 JavaThread "jar transforms Thread 9"           [_thread_blocked, id=14428, stack(0x0000008bfcc00000,0x0000008bfcd00000) (1024K)]
  0x0000018d651edd70 JavaThread "jar transforms Thread 10"          [_thread_blocked, id=17096, stack(0x0000008bfcd00000,0x0000008bfce00000) (1024K)]
  0x0000018d64a7c8c0 JavaThread "Memory manager"                    [_thread_blocked, id=15600, stack(0x0000008bfd400000,0x0000008bfd500000) (1024K)]
  0x0000018d643e2e40 JavaThread "RMI Scheduler(0)"           daemon [_thread_blocked, id=16976, stack(0x0000008b86e00000,0x0000008b86f00000) (1024K)]
  0x0000018d680d1ba0 JavaThread "RMI GC Daemon"              daemon [_thread_blocked, id=3144, stack(0x0000008b87000000,0x0000008b87100000) (1024K)]
  0x0000018d688be5e0 JavaThread "RMI TCP Accept-0"           daemon [_thread_in_native, id=6064, stack(0x0000008b87400000,0x0000008b87500000) (1024K)]
  0x0000018d6d1f0600 JavaThread "RMI TCP Accept-0"           daemon [_thread_in_native, id=15680, stack(0x0000008b87500000,0x0000008b87600000) (1024K)]
  0x0000018d6d0abbf0 JavaThread "RMI Reaper"                        [_thread_blocked, id=15848, stack(0x0000008b87600000,0x0000008b87700000) (1024K)]
  0x0000018d65ed67e0 JavaThread "jar transforms Thread 11"          [_thread_blocked, id=8500, stack(0x0000008b87f00000,0x0000008b88000000) (1024K)]
  0x0000018d680d0e80 JavaThread "jar transforms Thread 12"          [_thread_blocked, id=1288, stack(0x0000008b87a00000,0x0000008b87b00000) (1024K)]
  0x0000018d6ea0b260 JavaThread "RMI TCP Connection(idle)"   daemon [_thread_blocked, id=764, stack(0x0000008b80200000,0x0000008b80300000) (1024K)]
  0x0000018d6dc21b70 JavaThread "RMI TCP Connection(idle)"   daemon [_thread_blocked, id=9968, stack(0x0000008b80300000,0x0000008b80400000) (1024K)]
  0x0000018d6ea0bf80 JavaThread "Daemon Thread 4"                   [_thread_blocked, id=15496, stack(0x0000008b80100000,0x0000008b80200000) (1024K)]
  0x0000018d6d9d8290 JavaThread "Handler for socket connection from /127.0.0.1:56905 to /127.0.0.1:57487"        [_thread_in_native, id=16188, stack(0x0000008b80400000,0x0000008b80500000) (1024K)]
  0x0000018d6d9d8920 JavaThread "Cancel handler"                    [_thread_blocked, id=16312, stack(0x0000008b80500000,0x0000008b80600000) (1024K)]
  0x0000018d6d9d6ee0 JavaThread "Daemon worker Thread 4"            [_thread_blocked, id=1520, stack(0x0000008b80600000,0x0000008b80700000) (1024K)]
  0x0000018d6e57c5b0 JavaThread "Asynchronous log dispatcher for DefaultDaemonConnection: socket connection from /127.0.0.1:56905 to /127.0.0.1:57487"        [_thread_blocked, id=6712, stack(0x0000008b80700000,0x0000008b80800000) (1024K)]
  0x0000018d77bdc180 JavaThread "Stdin handler"                     [_thread_blocked, id=5376, stack(0x0000008b80800000,0x0000008b80900000) (1024K)]
  0x0000018d77bde8e0 JavaThread "Daemon client event forwarder"        [_thread_blocked, id=11160, stack(0x0000008b80900000,0x0000008b80a00000) (1024K)]
  0x0000018d77bdef70 JavaThread "Cache worker for file hash cache (C:\Users\NATAN GAME\Desktop\teste projeto\fsph-squad12\mobile\android\.gradle\8.14.3\fileHashes)"        [_thread_blocked, id=2700, stack(0x0000008b80a00000,0x0000008b80b00000) (1024K)]
  0x0000018d77bdc810 JavaThread "Cache worker for Build Output Cleanup Cache (C:\Users\NATAN GAME\Desktop\teste projeto\fsph-squad12\mobile\android\.gradle\buildOutputCleanup)"        [_thread_blocked, id=776, stack(0x0000008b80b00000,0x0000008b80c00000) (1024K)]
  0x0000018d6ea0e050 JavaThread "Cache worker for checksums cache (C:\Users\NATAN GAME\Desktop\teste projeto\fsph-squad12\mobile\android\.gradle\8.14.3\checksums)"        [_thread_blocked, id=15956, stack(0x0000008b80c00000,0x0000008b80d00000) (1024K)]
  0x0000018d6ea0c610 JavaThread "Exec process Thread 13"            [_thread_in_native, id=12636, stack(0x0000008b80d00000,0x0000008b80e00000) (1024K)]
  0x0000018d70def560 JavaThread "Exec process Thread 14"            [_thread_in_native, id=5060, stack(0x0000008b80e00000,0x0000008b80f00000) (1024K)]
  0x0000018d70dedb20 JavaThread "Exec process Thread 15"            [_thread_blocked, id=15948, stack(0x0000008b80f00000,0x0000008b81000000) (1024K)]
  0x0000018d6ea0d330 JavaThread "Cache worker for cache directory md-supplier (C:\Users\NATAN GAME\.gradle\caches\8.14.3\md-supplier)"        [_thread_blocked, id=6380, stack(0x0000008b81000000,0x0000008b81100000) (1024K)]
  0x0000018d6ea0d9c0 JavaThread "Cache worker for cache directory md-rule (C:\Users\NATAN GAME\.gradle\caches\8.14.3\md-rule)"        [_thread_blocked, id=13548, stack(0x0000008b81100000,0x0000008b81200000) (1024K)]
  0x0000018d7089a6f0 JavaThread "Cache worker for Build Output Cleanup Cache (C:\Users\NATAN GAME\Desktop\teste projeto\fsph-squad12\mobile\node_modules\@react-native\gradle-plugin\.gradle\buildOutputCleanup)"        [_thread_blocked, id=5412, stack(0x0000008b81200000,0x0000008b81300000) (1024K)]
  0x0000018d7089c7c0 JavaThread "Unconstrained build operations"        [_thread_blocked, id=13976, stack(0x0000008b81300000,0x0000008b81400000) (1024K)]
  0x0000018d7089ce50 JavaThread "Unconstrained build operations Thread 2"        [_thread_blocked, id=11628, stack(0x0000008b81400000,0x0000008b81500000) (1024K)]
  0x0000018d7089ad80 JavaThread "Unconstrained build operations Thread 3"        [_thread_blocked, id=13780, stack(0x0000008b81500000,0x0000008b81600000) (1024K)]
  0x0000018d708999d0 JavaThread "Unconstrained build operations Thread 4"        [_thread_blocked, id=10888, stack(0x0000008b81600000,0x0000008b81700000) (1024K)]
  0x0000018d7089a060 JavaThread "Cache worker for Build Output Cleanup Cache (C:\Users\NATAN GAME\Desktop\teste projeto\fsph-squad12\mobile\node_modules\expo-modules-autolinking\android\expo-gradle-plugin\.gradle\buildOutputCleanup)"        [_thread_blocked, id=5092, stack(0x0000008b81700000,0x0000008b81800000) (1024K)]
  0x0000018d7089c130 JavaThread "Unconstrained build operations Thread 5"        [_thread_blocked, id=14496, stack(0x0000008b81900000,0x0000008b81a00000) (1024K)]
  0x0000018d658ed330 JavaThread "Unconstrained build operations Thread 6"        [_thread_blocked, id=11200, stack(0x0000008b81a00000,0x0000008b81b00000) (1024K)]
  0x0000018d658e9eb0 JavaThread "Unconstrained build operations Thread 7"        [_thread_blocked, id=1192, stack(0x0000008b81b00000,0x0000008b81c00000) (1024K)]
  0x0000018d658ea540 JavaThread "Unconstrained build operations Thread 8"        [_thread_blocked, id=4256, stack(0x0000008b81c00000,0x0000008b81d00000) (1024K)]
  0x0000018d658ec610 JavaThread "Unconstrained build operations Thread 9"        [_thread_blocked, id=4300, stack(0x0000008b81d00000,0x0000008b81e00000) (1024K)]
  0x0000018d658ecca0 JavaThread "Unconstrained build operations Thread 10"        [_thread_blocked, id=7924, stack(0x0000008b81e00000,0x0000008b81f00000) (1024K)]
  0x0000018d658eabd0 JavaThread "Unconstrained build operations Thread 11"        [_thread_blocked, id=7948, stack(0x0000008b81f00000,0x0000008b82000000) (1024K)]
  0x0000018d658eb8f0 JavaThread "Unconstrained build operations Thread 12"        [_thread_blocked, id=6360, stack(0x0000008b82000000,0x0000008b82100000) (1024K)]
  0x0000018d6d36bc40 JavaThread "Unconstrained build operations Thread 13"        [_thread_blocked, id=15584, stack(0x0000008b82100000,0x0000008b82200000) (1024K)]
  0x0000018d6d36cff0 JavaThread "Unconstrained build operations Thread 14"        [_thread_blocked, id=16344, stack(0x0000008b82200000,0x0000008b82300000) (1024K)]
  0x0000018d6d36d680 JavaThread "Unconstrained build operations Thread 15"        [_thread_blocked, id=15560, stack(0x0000008b82300000,0x0000008b82400000) (1024K)]
  0x0000018d6f0d1790 JavaThread "Unconstrained build operations Thread 16"        [_thread_blocked, id=4068, stack(0x0000008b82400000,0x0000008b82500000) (1024K)]
  0x0000018d6f0cfd50 JavaThread "Unconstrained build operations Thread 17"        [_thread_blocked, id=6312, stack(0x0000008b82500000,0x0000008b82600000) (1024K)]
  0x0000018d6f0d1100 JavaThread "Unconstrained build operations Thread 18"        [_thread_blocked, id=15428, stack(0x0000008b82600000,0x0000008b82700000) (1024K)]
  0x0000018d6f0d1e20 JavaThread "Unconstrained build operations Thread 19"        [_thread_blocked, id=3564, stack(0x0000008b82700000,0x0000008b82800000) (1024K)]
  0x0000018d6f0cf030 JavaThread "Unconstrained build operations Thread 20"        [_thread_blocked, id=13468, stack(0x0000008b82800000,0x0000008b82900000) (1024K)]
  0x0000018d6f0cf6c0 JavaThread "Unconstrained build operations Thread 21"        [_thread_blocked, id=10792, stack(0x0000008b82900000,0x0000008b82a00000) (1024K)]
  0x0000018d6f0d0a70 JavaThread "Unconstrained build operations Thread 22"        [_thread_blocked, id=17124, stack(0x0000008b82a00000,0x0000008b82b00000) (1024K)]
  0x0000018d6f0d03e0 JavaThread "Unconstrained build operations Thread 23"        [_thread_blocked, id=15828, stack(0x0000008b82b00000,0x0000008b82c00000) (1024K)]
  0x0000018d6f5c24b0 JavaThread "Unconstrained build operations Thread 24"        [_thread_blocked, id=1512, stack(0x0000008b82c00000,0x0000008b82d00000) (1024K)]
  0x0000018d6f5c31d0 JavaThread "Unconstrained build operations Thread 25"        [_thread_blocked, id=7900, stack(0x0000008b82d00000,0x0000008b82e00000) (1024K)]
  0x0000018d6f5c3860 JavaThread "Unconstrained build operations Thread 26"        [_thread_blocked, id=6964, stack(0x0000008b82e00000,0x0000008b82f00000) (1024K)]
  0x0000018d6f5c3ef0 JavaThread "build event listener"              [_thread_blocked, id=11152, stack(0x0000008b82f00000,0x0000008b83000000) (1024K)]
  0x0000018d6f5c4580 JavaThread "Unconstrained build operations Thread 27"        [_thread_blocked, id=13040, stack(0x0000008b83000000,0x0000008b83100000) (1024K)]
  0x0000018d6f5c4c10 JavaThread "Unconstrained build operations Thread 28"        [_thread_blocked, id=9568, stack(0x0000008b83100000,0x0000008b83200000) (1024K)]
  0x0000018d6f5c52a0 JavaThread "Unconstrained build operations Thread 29"        [_thread_blocked, id=9572, stack(0x0000008b83200000,0x0000008b83300000) (1024K)]
  0x0000018d64826e80 JavaThread "Unconstrained build operations Thread 30"        [_thread_blocked, id=2780, stack(0x0000008b83300000,0x0000008b83400000) (1024K)]
  0x0000018d648288c0 JavaThread "Unconstrained build operations Thread 31"        [_thread_blocked, id=3968, stack(0x0000008b83400000,0x0000008b83500000) (1024K)]
  0x0000018d64828f50 JavaThread "Unconstrained build operations Thread 32"        [_thread_blocked, id=10184, stack(0x0000008b83500000,0x0000008b83600000) (1024K)]
  0x0000018d64825ad0 JavaThread "Unconstrained build operations Thread 33"        [_thread_blocked, id=7384, stack(0x0000008b83600000,0x0000008b83700000) (1024K)]
  0x0000018d64826160 JavaThread "Unconstrained build operations Thread 34"        [_thread_blocked, id=16404, stack(0x0000008b83700000,0x0000008b83800000) (1024K)]
  0x0000018d648267f0 JavaThread "Unconstrained build operations Thread 35"        [_thread_blocked, id=16320, stack(0x0000008b83800000,0x0000008b83900000) (1024K)]
  0x0000018d6d0ac280 JavaThread "Unconstrained build operations Thread 36"        [_thread_blocked, id=12744, stack(0x0000008b83900000,0x0000008b83a00000) (1024K)]
  0x0000018d6d36dd10 JavaThread "Unconstrained build operations Thread 37"        [_thread_blocked, id=5964, stack(0x0000008b83a00000,0x0000008b83b00000) (1024K)]
  0x0000018d6d36e3a0 JavaThread "build event listener"              [_thread_blocked, id=2152, stack(0x0000008b83b00000,0x0000008b83c00000) (1024K)]
  0x0000018d6e57d960 JavaThread "Unconstrained build operations Thread 38"        [_thread_blocked, id=17084, stack(0x0000008b83c00000,0x0000008b83d00000) (1024K)]
  0x0000018d6e57dff0 JavaThread "Unconstrained build operations Thread 39"        [_thread_blocked, id=8084, stack(0x0000008b83d00000,0x0000008b83e00000) (1024K)]
  0x0000018d6e57bf20 JavaThread "Unconstrained build operations Thread 40"        [_thread_blocked, id=156, stack(0x0000008b83e00000,0x0000008b83f00000) (1024K)]
  0x0000018d6e57e680 JavaThread "Unconstrained build operations Thread 41"        [_thread_blocked, id=13476, stack(0x0000008b83f00000,0x0000008b84000000) (1024K)]
  0x0000018d6e57cc40 JavaThread "Unconstrained build operations Thread 42"        [_thread_blocked, id=2244, stack(0x0000008b84000000,0x0000008b84100000) (1024K)]
  0x0000018d6e57b890 JavaThread "Unconstrained build operations Thread 43"        [_thread_blocked, id=11536, stack(0x0000008b84100000,0x0000008b84200000) (1024K)]
  0x0000018d6e57ed10 JavaThread "Unconstrained build operations Thread 44"        [_thread_blocked, id=17160, stack(0x0000008b84200000,0x0000008b84300000) (1024K)]
  0x0000018d680d1510 JavaThread "Unconstrained build operations Thread 45"        [_thread_blocked, id=14584, stack(0x0000008b84300000,0x0000008b84400000) (1024K)]
  0x0000018d680d2230 JavaThread "Unconstrained build operations Thread 46"        [_thread_blocked, id=13364, stack(0x0000008b84400000,0x0000008b84500000) (1024K)]
  0x0000018d6e57d2d0 JavaThread "Unconstrained build operations Thread 47"        [_thread_blocked, id=4740, stack(0x0000008b84500000,0x0000008b84600000) (1024K)]
  0x0000018d6d5665b0 JavaThread "Unconstrained build operations Thread 48"        [_thread_blocked, id=11344, stack(0x0000008b84600000,0x0000008b84700000) (1024K)]
  0x0000018d6d5644e0 JavaThread "Unconstrained build operations Thread 49"        [_thread_blocked, id=8020, stack(0x0000008b84700000,0x0000008b84800000) (1024K)]
  0x0000018d6d565890 JavaThread "Unconstrained build operations Thread 50"        [_thread_blocked, id=7776, stack(0x0000008b84800000,0x0000008b84900000) (1024K)]
  0x0000018d6d564b70 JavaThread "Unconstrained build operations Thread 51"        [_thread_blocked, id=11944, stack(0x0000008b84900000,0x0000008b84a00000) (1024K)]
  0x0000018d6d565200 JavaThread "Unconstrained build operations Thread 52"        [_thread_blocked, id=2336, stack(0x0000008b84a00000,0x0000008b84b00000) (1024K)]
  0x0000018d6d565f20 JavaThread "Unconstrained build operations Thread 53"        [_thread_blocked, id=9308, stack(0x0000008b84b00000,0x0000008b84c00000) (1024K)]
  0x0000018d6d566c40 JavaThread "ForkJoinPool.commonPool-worker-41" daemon [_thread_blocked, id=9824, stack(0x0000008b84c00000,0x0000008b84d00000) (1024K)]
  0x0000018d6f35f680 JavaThread "ForkJoinPool.commonPool-worker-42" daemon [_thread_blocked, id=15044, stack(0x0000008b84d00000,0x0000008b84e00000) (1024K)]
  0x0000018d6f35e2d0 JavaThread "ForkJoinPool.commonPool-worker-43" daemon [_thread_blocked, id=17156, stack(0x0000008b84e00000,0x0000008b84f00000) (1024K)]
  0x0000018d7632b1c0 JavaThread "ForkJoinPool.commonPool-worker-45" daemon [_thread_blocked, id=16040, stack(0x0000008b84f00000,0x0000008b85000000) (1024K)]
  0x0000018d6d563e50 JavaThread "ForkJoinPool.commonPool-worker-44" daemon [_thread_blocked, id=2636, stack(0x0000008b85000000,0x0000008b85100000) (1024K)]
  0x0000018d622f13e0 JavaThread "ForkJoinPool.commonPool-worker-46" daemon [_thread_blocked, id=16168, stack(0x0000008b85100000,0x0000008b85200000) (1024K)]
  0x0000018d7632a4a0 JavaThread "ForkJoinPool.commonPool-worker-47" daemon [_thread_blocked, id=17388, stack(0x0000008b85200000,0x0000008b85300000) (1024K)]
  0x0000018d77895fc0 JavaThread "ForkJoinPool.commonPool-worker-48" daemon [_thread_blocked, id=7996, stack(0x0000008b85300000,0x0000008b85400000) (1024K)]
  0x0000018d64a79440 JavaThread "ForkJoinPool.commonPool-worker-49" daemon [_thread_blocked, id=16748, stack(0x0000008b85400000,0x0000008b85500000) (1024K)]
  0x0000018d77896650 JavaThread "included builds"                   [_thread_blocked, id=4812, stack(0x0000008b85500000,0x0000008b85600000) (1024K)]
  0x0000018d77897a00 JavaThread "included builds Thread 2"          [_thread_blocked, id=2236, stack(0x0000008b85600000,0x0000008b85700000) (1024K)]
  0x0000018d6e2f5be0 JavaThread "Execution worker"                  [_thread_blocked, id=7232, stack(0x0000008b85700000,0x0000008b85800000) (1024K)]
  0x0000018d6e2f4ec0 JavaThread "Execution worker Thread 2"         [_thread_blocked, id=10828, stack(0x0000008b85800000,0x0000008b85900000) (1024K)]
  0x0000018d6e2f6f90 JavaThread "Execution worker Thread 3"         [_thread_blocked, id=6584, stack(0x0000008b85900000,0x0000008b85a00000) (1024K)]
  0x0000018d6e2f4830 JavaThread "Execution worker Thread 4"         [_thread_blocked, id=15236, stack(0x0000008b85a00000,0x0000008b85b00000) (1024K)]
  0x0000018d6e2f7620 JavaThread "Execution worker Thread 5"         [_thread_blocked, id=16136, stack(0x0000008b85b00000,0x0000008b85c00000) (1024K)]
  0x0000018d6e2f7cb0 JavaThread "Execution worker Thread 6"         [_thread_blocked, id=4284, stack(0x0000008b85c00000,0x0000008b85d00000) (1024K)]
  0x0000018d6e2f6900 JavaThread "Execution worker Thread 7"         [_thread_blocked, id=17164, stack(0x0000008b85d00000,0x0000008b85e00000) (1024K)]
  0x0000018d6e2f5550 JavaThread "Execution worker Thread 8"         [_thread_blocked, id=16172, stack(0x0000008b85e00000,0x0000008b85f00000) (1024K)]
  0x0000018d6e691dd0 JavaThread "Execution worker Thread 9"         [_thread_blocked, id=6384, stack(0x0000008b85f00000,0x0000008b86000000) (1024K)]
  0x0000018d6e6910b0 JavaThread "Execution worker Thread 10"        [_thread_blocked, id=6948, stack(0x0000008b86000000,0x0000008b86100000) (1024K)]
  0x0000018d6e68e950 JavaThread "Execution worker Thread 11"        [_thread_blocked, id=13080, stack(0x0000008b86100000,0x0000008b86200000) (1024K)]
  0x0000018d6f35cf20 JavaThread "Cache worker for execution history cache (C:\Users\NATAN GAME\Desktop\teste projeto\fsph-squad12\mobile\node_modules\expo-modules-autolinking\android\expo-gradle-plugin\.gradle\8.14.3\executionHistory)"        [_thread_blocked, id=2120, stack(0x0000008b86200000,0x0000008b86300000) (1024K)]
  0x0000018d622f0d50 JavaThread "Cache worker for execution history cache (C:\Users\NATAN GAME\Desktop\teste projeto\fsph-squad12\mobile\node_modules\@react-native\gradle-plugin\.gradle\8.14.3\executionHistory)"        [_thread_blocked, id=1916, stack(0x0000008b86300000,0x0000008b86400000) (1024K)]
  0x0000018d6dc1e6f0 JavaThread "Unconstrained build operations Thread 54"        [_thread_blocked, id=16768, stack(0x0000008b86400000,0x0000008b86500000) (1024K)]
  0x0000018d6dc1ed80 JavaThread "Unconstrained build operations Thread 55"        [_thread_blocked, id=1584, stack(0x0000008b86500000,0x0000008b86600000) (1024K)]
  0x0000018d71848890 JavaThread "Unconstrained build operations Thread 56"        [_thread_blocked, id=9348, stack(0x0000008b86600000,0x0000008b86700000) (1024K)]
  0x0000018d6dc1f410 JavaThread "Unconstrained build operations Thread 57"        [_thread_blocked, id=7204, stack(0x0000008b86700000,0x0000008b86800000) (1024K)]
  0x0000018d6ea0e6e0 JavaThread "Unconstrained build operations Thread 58"        [_thread_blocked, id=16484, stack(0x0000008b86800000,0x0000008b86900000) (1024K)]
  0x0000018d6dc1faa0 JavaThread "Unconstrained build operations Thread 59"        [_thread_blocked, id=12320, stack(0x0000008b86900000,0x0000008b86a00000) (1024K)]
  0x0000018d77ba5770 JavaThread "Unconstrained build operations Thread 60"        [_thread_blocked, id=16860, stack(0x0000008b86a00000,0x0000008b86b00000) (1024K)]
  0x0000018d77ba71b0 JavaThread "Unconstrained build operations Thread 61"        [_thread_blocked, id=16868, stack(0x0000008b86b00000,0x0000008b86c00000) (1024K)]
  0x0000018d77896ce0 JavaThread "Unconstrained build operations Thread 62"        [_thread_blocked, id=10572, stack(0x0000008b86c00000,0x0000008b86d00000) (1024K)]
  0x0000018d77897370 JavaThread "Unconstrained build operations Thread 63"        [_thread_blocked, id=4888, stack(0x0000008b86d00000,0x0000008b86e00000) (1024K)]
  0x0000018d77894580 JavaThread "Unconstrained build operations Thread 64"        [_thread_blocked, id=10160, stack(0x0000008b86f00000,0x0000008b87000000) (1024K)]
  0x0000018d77894c10 JavaThread "Unconstrained build operations Thread 65"        [_thread_blocked, id=3840, stack(0x0000008b87100000,0x0000008b87200000) (1024K)]
  0x0000018d778952a0 JavaThread "Unconstrained build operations Thread 66"        [_thread_blocked, id=280, stack(0x0000008b87200000,0x0000008b87300000) (1024K)]
  0x0000018d77831b90 JavaThread "Unconstrained build operations Thread 67"        [_thread_blocked, id=1792, stack(0x0000008b87300000,0x0000008b87400000) (1024K)]
  0x0000018d77ba50e0 JavaThread "Unconstrained build operations Thread 68"        [_thread_blocked, id=15660, stack(0x0000008b87700000,0x0000008b87800000) (1024K)]
  0x0000018d77832220 JavaThread "Unconstrained build operations Thread 69"        [_thread_blocked, id=2116, stack(0x0000008b87800000,0x0000008b87900000) (1024K)]
  0x0000018d77ba5e00 JavaThread "Unconstrained build operations Thread 70"        [_thread_blocked, id=2880, stack(0x0000008b87900000,0x0000008b87a00000) (1024K)]
  0x0000018d778328b0 JavaThread "Unconstrained build operations Thread 71"        [_thread_blocked, id=3156, stack(0x0000008b87b00000,0x0000008b87c00000) (1024K)]
  0x0000018d7632ab30 JavaThread "Unconstrained build operations Thread 72"        [_thread_blocked, id=14844, stack(0x0000008b87c00000,0x0000008b87d00000) (1024K)]
  0x0000018d77832f40 JavaThread "Unconstrained build operations Thread 73"        [_thread_blocked, id=4360, stack(0x0000008b87d00000,0x0000008b87e00000) (1024K)]
  0x0000018d763290f0 JavaThread "Unconstrained build operations Thread 74"        [_thread_blocked, id=14028, stack(0x0000008b87e00000,0x0000008b87f00000) (1024K)]
  0x0000018d778335d0 JavaThread "Unconstrained build operations Thread 75"        [_thread_blocked, id=11620, stack(0x0000008b88000000,0x0000008b88100000) (1024K)]
  0x0000018d76329780 JavaThread "Unconstrained build operations Thread 76"        [_thread_blocked, id=15500, stack(0x0000008b88100000,0x0000008b88200000) (1024K)]
  0x0000018d77830150 JavaThread "Unconstrained build operations Thread 77"        [_thread_blocked, id=3052, stack(0x0000008b88200000,0x0000008b88300000) (1024K)]
  0x0000018d7632c570 JavaThread "Unconstrained build operations Thread 78"        [_thread_blocked, id=6744, stack(0x0000008b88300000,0x0000008b88400000) (1024K)]
  0x0000018d778307e0 JavaThread "Unconstrained build operations Thread 79"        [_thread_blocked, id=3352, stack(0x0000008b88400000,0x0000008b88500000) (1024K)]
  0x0000018d7632b850 JavaThread "Unconstrained build operations Thread 80"        [_thread_blocked, id=11080, stack(0x0000008b88500000,0x0000008b88600000) (1024K)]
  0x0000018d77830e70 JavaThread "Unconstrained build operations Thread 81"        [_thread_blocked, id=13668, stack(0x0000008b88600000,0x0000008b88700000) (1024K)]
  0x0000018d7632bee0 JavaThread "Unconstrained build operations Thread 82"        [_thread_blocked, id=12036, stack(0x0000008b88700000,0x0000008b88800000) (1024K)]
  0x0000018d76f333d0 JavaThread "Unconstrained build operations Thread 83"        [_thread_blocked, id=6916, stack(0x0000008b88800000,0x0000008b88900000) (1024K)]
  0x0000018d65e86b10 JavaThread "Unconstrained build operations Thread 84"        [_thread_blocked, id=8072, stack(0x0000008b88900000,0x0000008b88a00000) (1024K)]
  0x0000018d76f33a60 JavaThread "Unconstrained build operations Thread 85"        [_thread_blocked, id=6864, stack(0x0000008b88a00000,0x0000008b88b00000) (1024K)]
  0x0000018d65e88be0 JavaThread "Unconstrained build operations Thread 86"        [_thread_blocked, id=13056, stack(0x0000008b88b00000,0x0000008b88c00000) (1024K)]
  0x0000018d76f36850 JavaThread "Unconstrained build operations Thread 87"        [_thread_blocked, id=16596, stack(0x0000008b88c00000,0x0000008b88d00000) (1024K)]
  0x0000018d70dece00 JavaThread "Unconstrained build operations Thread 88"        [_thread_blocked, id=17136, stack(0x0000008b88d00000,0x0000008b88e00000) (1024K)]
  0x0000018d6f35fd10 JavaThread "Unconstrained build operations Thread 89"        [_thread_blocked, id=5652, stack(0x0000008b88e00000,0x0000008b88f00000) (1024K)]
  0x0000018d622f2e20 JavaThread "Unconstrained build operations Thread 90"        [_thread_blocked, id=5368, stack(0x0000008b88f00000,0x0000008b89000000) (1024K)]
  0x0000018d622f1a70 JavaThread "Unconstrained build operations Thread 91"        [_thread_blocked, id=16672, stack(0x0000008b89000000,0x0000008b89100000) (1024K)]
  0x0000018d622f2100 JavaThread "Unconstrained build operations Thread 92"        [_thread_blocked, id=16328, stack(0x0000008b89100000,0x0000008b89200000) (1024K)]
  0x0000018d622f2790 JavaThread "Unconstrained build operations Thread 93"        [_thread_blocked, id=7140, stack(0x0000008b89200000,0x0000008b89300000) (1024K)]
  0x0000018d622ef9a0 JavaThread "Unconstrained build operations Thread 94"        [_thread_blocked, id=14240, stack(0x0000008b89300000,0x0000008b89400000) (1024K)]
  0x0000018d688bec70 JavaThread "Unconstrained build operations Thread 95"        [_thread_blocked, id=14600, stack(0x0000008b89400000,0x0000008b89500000) (1024K)]
  0x0000018d688bf300 JavaThread "Unconstrained build operations Thread 96"        [_thread_blocked, id=14044, stack(0x0000008b89500000,0x0000008b89600000) (1024K)]
  0x0000018d688bdf50 JavaThread "Unconstrained build operations Thread 97"        [_thread_blocked, id=14252, stack(0x0000008b89600000,0x0000008b89700000) (1024K)]
  0x0000018d643e34d0 JavaThread "Unconstrained build operations Thread 98"        [_thread_blocked, id=6512, stack(0x0000008b89700000,0x0000008b89800000) (1024K)]
  0x0000018d643e3b60 JavaThread "Unconstrained build operations Thread 99"        [_thread_blocked, id=3512, stack(0x0000008b89800000,0x0000008b89900000) (1024K)]
  0x0000018d76f340f0 JavaThread "Unconstrained build operations Thread 100"        [_thread_blocked, id=14976, stack(0x0000008b89900000,0x0000008b89a00000) (1024K)]
  0x0000018d76f34780 JavaThread "Unconstrained build operations Thread 101"        [_thread_blocked, id=15424, stack(0x0000008b89a00000,0x0000008b89b00000) (1024K)]
  0x0000018d76f34e10 JavaThread "Unconstrained build operations Thread 102"        [_thread_blocked, id=16524, stack(0x0000008b89b00000,0x0000008b89c00000) (1024K)]
  0x0000018d76f35b30 JavaThread "Unconstrained build operations Thread 103"        [_thread_blocked, id=9960, stack(0x0000008b89c00000,0x0000008b89d00000) (1024K)]
  0x0000018d77bdcea0 JavaThread "Unconstrained build operations Thread 104"        [_thread_blocked, id=1944, stack(0x0000008b89d00000,0x0000008b89e00000) (1024K)]
  0x0000018d77bde250 JavaThread "Unconstrained build operations Thread 105"        [_thread_blocked, id=12244, stack(0x0000008b89e00000,0x0000008b89f00000) (1024K)]
  0x0000018d77bddbc0 JavaThread "Unconstrained build operations Thread 106"        [_thread_blocked, id=15768, stack(0x0000008b89f00000,0x0000008b8a000000) (1024K)]
  0x0000018d77bdd530 JavaThread "Unconstrained build operations Thread 107"        [_thread_blocked, id=5644, stack(0x0000008b8a000000,0x0000008b8a100000) (1024K)]
  0x0000018d77bdbaf0 JavaThread "Unconstrained build operations Thread 108"        [_thread_blocked, id=15748, stack(0x0000008b8a100000,0x0000008b8a200000) (1024K)]
  0x0000018d689931b0 JavaThread "Unconstrained build operations Thread 109"        [_thread_blocked, id=8656, stack(0x0000008b8a200000,0x0000008b8a300000) (1024K)]
  0x0000018d68993840 JavaThread "Unconstrained build operations Thread 110"        [_thread_blocked, id=884, stack(0x0000008b8a300000,0x0000008b8a400000) (1024K)]
  0x0000018d68993ed0 JavaThread "Unconstrained build operations Thread 111"        [_thread_blocked, id=16416, stack(0x0000008b8a400000,0x0000008b8a500000) (1024K)]
  0x0000018d6e4e6b90 JavaThread "Unconstrained build operations Thread 112"        [_thread_blocked, id=7568, stack(0x0000008b8a500000,0x0000008b8a600000) (1024K)]
  0x0000018d6e4e7f40 JavaThread "Unconstrained build operations Thread 113"        [_thread_blocked, id=168, stack(0x0000008b8a600000,0x0000008b8a700000) (1024K)]
  0x0000018d6e4e85d0 JavaThread "Unconstrained build operations Thread 114"        [_thread_blocked, id=14968, stack(0x0000008b8a700000,0x0000008b8a800000) (1024K)]
  0x0000018d6e4e8c60 JavaThread "Unconstrained build operations Thread 115"        [_thread_blocked, id=11596, stack(0x0000008b8a800000,0x0000008b8a900000) (1024K)]
  0x0000018d6e4e7220 JavaThread "Unconstrained build operations Thread 116"        [_thread_blocked, id=7588, stack(0x0000008b8a900000,0x0000008b8aa00000) (1024K)]
  0x0000018d6e4e6500 JavaThread "Unconstrained build operations Thread 117"        [_thread_blocked, id=3004, stack(0x0000008b8aa00000,0x0000008b8ab00000) (1024K)]
  0x0000018d6e4e92f0 JavaThread "Unconstrained build operations Thread 118"        [_thread_blocked, id=2788, stack(0x0000008b8ab00000,0x0000008b8ac00000) (1024K)]
  0x0000018d6e4e78b0 JavaThread "Unconstrained build operations Thread 119"        [_thread_blocked, id=17292, stack(0x0000008b8ac00000,0x0000008b8ad00000) (1024K)]
  0x0000018d6fb93530 JavaThread "Unconstrained build operations Thread 120"        [_thread_blocked, id=12600, stack(0x0000008b8ad00000,0x0000008b8ae00000) (1024K)]
  0x0000018d6fb90740 JavaThread "Cache worker for Build Output Cleanup Cache (C:\Users\NATAN GAME\Desktop\teste projeto\fsph-squad12\mobile\node_modules\expo-modules-core\expo-module-gradle-plugin\.gradle\buildOutputCleanup)"        [_thread_blocked, id=15880, stack(0x0000008b81800000,0x0000008b81900000) (1024K)]
  0x0000018d66153d00 JavaThread "build event listener"              [_thread_blocked, id=10448, stack(0x0000008b8ae00000,0x0000008b8af00000) (1024K)]
  0x0000018d6fb93bc0 JavaThread "included builds Thread 3"          [_thread_blocked, id=15272, stack(0x0000008b8af00000,0x0000008b8b000000) (1024K)]
  0x0000018d71841900 JavaThread "Cache worker for execution history cache (C:\Users\NATAN GAME\Desktop\teste projeto\fsph-squad12\mobile\node_modules\expo-modules-core\expo-module-gradle-plugin\.gradle\8.14.3\executionHistory)"        [_thread_blocked, id=15720, stack(0x0000008b8b000000,0x0000008b8b100000) (1024K)]
  0x0000018d661550b0 JavaThread "Problems report writer"            [_thread_blocked, id=2288, stack(0x0000008b8b200000,0x0000008b8b300000) (1024K)]
  0x0000018d6fb91af0 JavaThread "build event listener"              [_thread_blocked, id=13376, stack(0x0000008b8b300000,0x0000008b8b400000) (1024K)]
  0x0000018d6d253280 JavaThread "ForkJoinPool.commonPool-worker-51" daemon [_thread_blocked, id=10756, stack(0x0000008b8b500000,0x0000008b8b600000) (1024K)]
  0x0000018d6f35dc40 JavaThread "ForkJoinPool.commonPool-worker-50" daemon [_thread_blocked, id=7220, stack(0x0000008b8b600000,0x0000008b8b700000) (1024K)]
  0x0000018d6dc20130 JavaThread "Cache worker for execution history cache (C:\Users\NATAN GAME\Desktop\teste projeto\fsph-squad12\mobile\android\.gradle\8.14.3\executionHistory)"        [_thread_blocked, id=9652, stack(0x0000008b8b700000,0x0000008b8b800000) (1024K)]
  0x0000018d640fc490 JavaThread "Exec process Thread 16"            [_thread_blocked, id=1948, stack(0x0000008b8b800000,0x0000008b8b900000) (1024K)]
  0x0000018d70e6f460 JavaThread "Exec process Thread 17"            [_thread_blocked, id=8516, stack(0x0000008b8b900000,0x0000008b8ba00000) (1024K)]
  0x0000018d6e217da0 JavaThread "Exec process Thread 18"            [_thread_blocked, id=16252, stack(0x0000008b8ba00000,0x0000008b8bb00000) (1024K)]
  0x0000018d6e2197e0 JavaThread "Exec process Thread 19"            [_thread_blocked, id=12224, stack(0x0000008b8bb00000,0x0000008b8bc00000) (1024K)]
  0x0000018d781ed3d0 JavaThread "Exec process Thread 20"            [_thread_blocked, id=17400, stack(0x0000008b8bc00000,0x0000008b8bd00000) (1024K)]
  0x0000018d781e8ba0 JavaThread "Exec process Thread 21"            [_thread_blocked, id=14724, stack(0x0000008b8bd00000,0x0000008b8be00000) (1024K)]
  0x0000018d63f0faa0 JavaThread "Exec process Thread 22"            [_thread_in_native, id=3636, stack(0x0000008b8be00000,0x0000008b8bf00000) (1024K)]
  0x0000018d6e21b220 JavaThread "Exec process Thread 23"            [_thread_in_native, id=8616, stack(0x0000008b8bf00000,0x0000008b8c000000) (1024K)]
  0x0000018d65e85760 JavaThread "Exec process Thread 24"            [_thread_in_native, id=13176, stack(0x0000008b8c000000,0x0000008b8c100000) (1024K)]
  0x0000018d640fd1b0 JavaThread "Exec process Thread 25"            [_thread_blocked, id=4680, stack(0x0000008b8c100000,0x0000008b8c200000) (1024K)]
  0x0000018d6d252bf0 JavaThread "Exec process Thread 26"            [_thread_blocked, id=16776, stack(0x0000008b8c200000,0x0000008b8c300000) (1024K)]
  0x0000018d781ee780 JavaThread "Exec process Thread 27"            [_thread_blocked, id=16904, stack(0x0000008b8c300000,0x0000008b8c400000) (1024K)]
  0x0000018d6f35d5b0 JavaThread "Exec process Thread 28"            [_thread_in_native, id=12384, stack(0x0000008b8c400000,0x0000008b8c500000) (1024K)]
  0x0000018d6f3603a0 JavaThread "Exec process Thread 29"            [_thread_in_native, id=5700, stack(0x0000008b8c500000,0x0000008b8c600000) (1024K)]
  0x0000018d6f35e960 JavaThread "Exec process Thread 30"            [_thread_in_native, id=15516, stack(0x0000008b8c600000,0x0000008b8c700000) (1024K)]
  0x0000018d6dc207c0 JavaThread "Exec process Thread 31"            [_thread_blocked, id=1208, stack(0x0000008b8c700000,0x0000008b8c800000) (1024K)]
  0x0000018d63f0d340 JavaThread "Exec process Thread 32"            [_thread_blocked, id=10632, stack(0x0000008b8c800000,0x0000008b8c900000) (1024K)]
  0x0000018d63f0e060 JavaThread "Exec process Thread 33"            [_thread_blocked, id=3048, stack(0x0000008b8c900000,0x0000008b8ca00000) (1024K)]
  0x0000018d70e70810 JavaThread "Exec process Thread 34"            [_thread_in_native, id=16856, stack(0x0000008b8ca00000,0x0000008b8cb00000) (1024K)]
  0x0000018d70e6e0b0 JavaThread "Exec process Thread 35"            [_thread_in_native, id=10988, stack(0x0000008b8cb00000,0x0000008b8cc00000) (1024K)]
  0x0000018d71842620 JavaThread "WorkerExecutor Queue Thread 2"        [_thread_blocked, id=5872, stack(0x0000008b8cd00000,0x0000008b8ce00000) (1024K)]
  0x0000018d70dec770 JavaThread "Exec process Thread 36"            [_thread_blocked, id=7928, stack(0x0000008b8d000000,0x0000008b8d100000) (1024K)]
  0x0000018d70ded490 JavaThread "Exec process Thread 37"            [_thread_blocked, id=17032, stack(0x0000008b8d100000,0x0000008b8d200000) (1024K)]
  0x0000018d63f0ccb0 JavaThread "Exec process Thread 38"            [_thread_in_native, id=16468, stack(0x0000008b8d200000,0x0000008b8d300000) (1024K)]
  0x0000018d63f10130 JavaThread "Exec process Thread 39"            [_thread_in_native, id=12800, stack(0x0000008b8d300000,0x0000008b8d400000) (1024K)]
  0x0000018d773684f0 JavaThread "Exec process Thread 40"            [_thread_in_native, id=17568, stack(0x0000008b8d400000,0x0000008b8d500000) (1024K)]
  0x0000018d781eee10 JavaThread "Exec process Thread 41"            [_thread_in_native, id=17616, stack(0x0000008b8d500000,0x0000008b8d600000) (1024K)]
  0x0000018d781ec6b0 JavaThread "Exec process Thread 42"            [_thread_in_native, id=17620, stack(0x0000008b8d600000,0x0000008b8d700000) (1024K)]
  0x0000018d781eda60 JavaThread "WorkerExecutor Queue Thread 3"        [_thread_in_native, id=17884, stack(0x0000008b8b100000,0x0000008b8b200000) (1024K)]
  0x0000018d781ef4a0 JavaThread "WorkerExecutor Queue Thread 4"        [_thread_blocked, id=17888, stack(0x0000008b8b400000,0x0000008b8b500000) (1024K)]
  0x0000018d77368b80 JavaThread "WorkerExecutor Queue Thread 6"        [_thread_in_Java, id=11528, stack(0x0000008b8d900000,0x0000008b8da00000) (1024K)]
  0x0000018d77366420 JavaThread "WorkerExecutor Queue Thread 7"        [_thread_blocked, id=3736, stack(0x0000008b8da00000,0x0000008b8db00000) (1024K)]
  0x0000018d65e85df0 JavaThread "WorkerExecutor Queue Thread 8"        [_thread_blocked, id=8536, stack(0x0000008b8db00000,0x0000008b8dc00000) (1024K)]
  0x0000018d6d253910 JavaThread "WorkerExecutor Queue Thread 9"        [_thread_blocked, id=10956, stack(0x0000008b8dc00000,0x0000008b8dd00000) (1024K)]
  0x0000018d6d254630 JavaThread "WorkerExecutor Queue Thread 10"        [_thread_blocked, id=520, stack(0x0000008b8dd00000,0x0000008b8de00000) (1024K)]
  0x0000018d6e218430 JavaThread "WorkerExecutor Queue Thread 11"        [_thread_blocked, id=10580, stack(0x0000008b8de00000,0x0000008b8df00000) (1024K)]
  0x0000018d6514d410 JavaThread "WorkerExecutor Queue Thread 12"        [_thread_blocked, id=11012, stack(0x0000008b8df00000,0x0000008b8e000000) (1024K)]
  0x0000018d70373b50 JavaThread "Cache worker for Java compile cache (C:\Users\NATAN GAME\.gradle\caches\8.14.3\javaCompile)"        [_thread_blocked, id=7584, stack(0x0000008b8e300000,0x0000008b8e400000) (1024K)]
  0x0000018d66155dd0 JavaThread "pool-10-thread-1"                  [_thread_blocked, id=18084, stack(0x0000008b8e400000,0x0000008b8e500000) (1024K)]
  0x0000018d66156460 JavaThread "stderr"                            [_thread_in_native, id=16912, stack(0x0000008b8e500000,0x0000008b8e600000) (1024K)]
  0x0000018d66157180 JavaThread "stdout"                            [_thread_in_native, id=17588, stack(0x0000008b8e600000,0x0000008b8e700000) (1024K)]
  0x0000018d640fb770 JavaThread "RMI RenewClean-[127.0.0.1:17156,org.jetbrains.kotlin.daemon.common.LoopbackNetworkInterface$ClientLoopbackSocketFactory@74e4c29a]" daemon [_thread_blocked, id=5028, stack(0x0000008b8e700000,0x0000008b8e800000) (1024K)]
  0x0000018d6e21d2f0 JavaThread "RMI RenewClean-[127.0.0.1:17156,org.jetbrains.kotlin.daemon.common.LoopbackNetworkInterface$ClientLoopbackSocketFactory@613e79bd]" daemon [_thread_blocked, id=9748, stack(0x0000008b8e800000,0x0000008b8e900000) (1024K)]
  0x0000018d6514c6f0 JavaThread "RMI TCP Accept-0"           daemon [_thread_in_native, id=17428, stack(0x0000008b8e900000,0x0000008b8ea00000) (1024K)]
  0x0000018d7032af70 JavaThread "Build operations"                  [_thread_blocked, id=17892, stack(0x0000008b8ea00000,0x0000008b8eb00000) (1024K)]
  0x0000018d70325a20 JavaThread "Build operations Thread 2"         [_thread_blocked, id=4332, stack(0x0000008b8eb00000,0x0000008b8ec00000) (1024K)]
  0x0000018d7032a250 JavaThread "Build operations Thread 3"         [_thread_blocked, id=3112, stack(0x0000008b8ec00000,0x0000008b8ed00000) (1024K)]
  0x0000018d70328ea0 JavaThread "Build operations Thread 4"         [_thread_blocked, id=17900, stack(0x0000008b8ed00000,0x0000008b8ee00000) (1024K)]
  0x0000018d70327af0 JavaThread "Build operations Thread 5"         [_thread_blocked, id=18240, stack(0x0000008b8ee00000,0x0000008b8ef00000) (1024K)]
  0x0000018d70329bc0 JavaThread "Build operations Thread 6"         [_thread_blocked, id=18148, stack(0x0000008b8ef00000,0x0000008b8f000000) (1024K)]
  0x0000018d70326dd0 JavaThread "Build operations Thread 7"         [_thread_blocked, id=18132, stack(0x0000008b8f000000,0x0000008b8f100000) (1024K)]
  0x0000018d70329530 JavaThread "Build operations Thread 8"         [_thread_blocked, id=18236, stack(0x0000008b8f100000,0x0000008b8f200000) (1024K)]
  0x0000018d7032a8e0 JavaThread "Build operations Thread 9"         [_thread_blocked, id=17948, stack(0x0000008b8f200000,0x0000008b8f300000) (1024K)]
  0x0000018d7032b600 JavaThread "Build operations Thread 10"        [_thread_blocked, id=17760, stack(0x0000008b8f300000,0x0000008b8f400000) (1024K)]
  0x0000018d70328180 JavaThread "Build operations Thread 11"        [_thread_blocked, id=16388, stack(0x0000008b8f400000,0x0000008b8f500000) (1024K)]
  0x0000018d7032c320 JavaThread "WorkerExecutor Queue Thread 14"        [_thread_blocked, id=13764, stack(0x0000008b8e200000,0x0000008b8e300000) (1024K)]
  0x0000018d6d5fbde0 JavaThread "Java2D Disposer"            daemon [_thread_blocked, id=12844, stack(0x0000008b8d800000,0x0000008b8d900000) (1024K)]
  0x0000018d778bf410 JavaThread "AWT-Windows"                daemon [_thread_in_native, id=12764, stack(0x0000008b8f500000,0x0000008b8f600000) (1024K)]
  0x0000018d778bfaa0 JavaThread "DefaultDispatcher-worker-1" daemon [_thread_blocked, id=18400, stack(0x0000008b8f700000,0x0000008b8f800000) (1024K)]
  0x0000018d778be6f0 JavaThread "DefaultDispatcher-worker-2" daemon [_thread_blocked, id=17920, stack(0x0000008b8f800000,0x0000008b8f900000) (1024K)]
  0x0000018d76cc6960 JavaThread "DefaultDispatcher-worker-3" daemon [_thread_blocked, id=17300, stack(0x0000008b8f900000,0x0000008b8fa00000) (1024K)]
  0x0000018d765e2580 JavaThread "RMI TCP Connection(23)-127.0.0.1" daemon [_thread_in_native, id=17940, stack(0x0000008b80000000,0x0000008b80100000) (1024K)]
  0x0000018d79a16c30 JavaThread "RMI TCP Connection(idle)"   daemon [_thread_blocked, id=18016, stack(0x0000008b8e000000,0x0000008b8e100000) (1024K)]
  0x0000018d78618410 JavaThread "RMI TCP Connection(idle)"   daemon [_thread_blocked, id=17456, stack(0x0000008b8f600000,0x0000008b8f700000) (1024K)]
  0x0000018d786e38b0 JavaThread "stderr"                            [_thread_in_native, id=6504, stack(0x0000008b8fc00000,0x0000008b8fd00000) (1024K)]
  0x0000018d786e2500 JavaThread "stdout"                            [_thread_in_native, id=1780, stack(0x0000008b8fd00000,0x0000008b8fe00000) (1024K)]
  0x0000018d718439d0 JavaThread "stderr"                            [_thread_in_native, id=1184, stack(0x0000008b8fe00000,0x0000008b8ff00000) (1024K)]
  0x0000018d6e21d980 JavaThread "stdout"                            [_thread_in_native, id=3964, stack(0x0000008b8ff00000,0x0000008b90000000) (1024K)]
  0x0000018d70376fd0 JavaThread "stderr"                            [_thread_in_native, id=17808, stack(0x0000008b90000000,0x0000008b90100000) (1024K)]
  0x0000018d70377660 JavaThread "stdout"                            [_thread_in_native, id=11212, stack(0x0000008b90100000,0x0000008b90200000) (1024K)]
  0x0000018d71843340 JavaThread "WorkerExecutor Queue Thread 17"        [_thread_blocked, id=1220, stack(0x0000008b8cc00000,0x0000008b8cd00000) (1024K)]
=>0x0000018d77a34b70 JavaThread "C2 CompilerThread1"         daemon [_thread_in_native, id=9384, stack(0x0000008b8d700000,0x0000008b8d800000) (1024K)]
Total: 284

Other Threads:
  0x0000018d42488300 VMThread "VM Thread"                           [id=15196, stack(0x0000008bf9a00000,0x0000008bf9b00000) (1024K)]
  0x0000018d4246d910 WatcherThread "VM Periodic Task Thread"        [id=4040, stack(0x0000008bf9900000,0x0000008bf9a00000) (1024K)]
  0x0000018d2386cb90 WorkerThread "GC Thread#0"                     [id=7520, stack(0x0000008bf9400000,0x0000008bf9500000) (1024K)]
  0x0000018d429a75d0 WorkerThread "GC Thread#1"                     [id=4036, stack(0x0000008bfa600000,0x0000008bfa700000) (1024K)]
  0x0000018d625fb1c0 WorkerThread "GC Thread#2"                     [id=4984, stack(0x0000008bfa700000,0x0000008bfa800000) (1024K)]
  0x0000018d625fb570 WorkerThread "GC Thread#3"                     [id=13200, stack(0x0000008bfa800000,0x0000008bfa900000) (1024K)]
  0x0000018d62dedc90 WorkerThread "GC Thread#4"                     [id=12472, stack(0x0000008bfa900000,0x0000008bfaa00000) (1024K)]
  0x0000018d634ae970 WorkerThread "GC Thread#5"                     [id=17348, stack(0x0000008bfaa00000,0x0000008bfab00000) (1024K)]
  0x0000018d62c595e0 WorkerThread "GC Thread#6"                     [id=7360, stack(0x0000008bfab00000,0x0000008bfac00000) (1024K)]
  0x0000018d62c5a1b0 WorkerThread "GC Thread#7"                     [id=9240, stack(0x0000008bfac00000,0x0000008bfad00000) (1024K)]
  0x0000018d636df400 WorkerThread "GC Thread#8"                     [id=10120, stack(0x0000008bfad00000,0x0000008bfae00000) (1024K)]
  0x0000018d63755990 WorkerThread "GC Thread#9"                     [id=2268, stack(0x0000008bfbb00000,0x0000008bfbc00000) (1024K)]
  0x0000018d2387dc40 ConcurrentGCThread "G1 Main Marker"            [id=9164, stack(0x0000008bf9500000,0x0000008bf9600000) (1024K)]
  0x0000018d2387e660 WorkerThread "G1 Conc#0"                       [id=16796, stack(0x0000008bf9600000,0x0000008bf9700000) (1024K)]
  0x0000018d64671730 WorkerThread "G1 Conc#1"                       [id=10856, stack(0x0000008bfbc00000,0x0000008bfbd00000) (1024K)]
  0x0000018d64671e90 WorkerThread "G1 Conc#2"                       [id=2640, stack(0x0000008bfbd00000,0x0000008bfbe00000) (1024K)]
  0x0000018d42344a00 ConcurrentGCThread "G1 Refine#0"               [id=2828, stack(0x0000008bf9700000,0x0000008bf9800000) (1024K)]
  0x0000018d42345230 ConcurrentGCThread "G1 Service"                [id=12136, stack(0x0000008bf9800000,0x0000008bf9900000) (1024K)]
Total: 18

Threads with active compile tasks:
C2 CompilerThread0  737060 58382       4       groovyjarjarantlr4.v4.runtime.atn.ParserATNSimulator::closure (784 bytes)
C2 CompilerThread1  737060 58378       4       groovyjarjarantlr4.v4.runtime.atn.ParserATNSimulator::ruleTransition (94 bytes)
Total: 2

VM state: not at safepoint (normal execution)

VM Mutex/Monitor currently owned by a thread: None

Heap address: 0x0000000080000000, size: 2048 MB, Compressed Oops mode: 32-bit

CDS archive(s) mapped at: [0x0000018d43000000-0x0000018d43c50000-0x0000018d43c50000), size 12910592, SharedBaseAddress: 0x0000018d43000000, ArchiveRelocationMode: 1.
Compressed class space mapped at: 0x0000018d44000000-0x0000018d5e000000, reserved size: 436207616
Narrow klass base: 0x0000018d43000000, Narrow klass shift: 0, Narrow klass range: 0x1b000000

GC Precious Log:
 CardTable entry size: 512
 Card Set container configuration: InlinePtr #cards 5 size 8 Array Of Cards #cards 12 size 40 Howl #buckets 4 coarsen threshold 1843 Howl Bitmap #cards 512 size 80 coarsen threshold 460 Card regions per heap region 1 cards per card region 2048
 CPUs: 12 total, 12 available
 Memory: 7471M
 Large Page Support: Disabled
 NUMA Support: Disabled
 Compressed Oops: Enabled (32-bit)
 Heap Region Size: 1M
 Heap Min Capacity: 8M
 Heap Initial Capacity: 118M
 Heap Max Capacity: 2G
 Pre-touch: Disabled
 Parallel Workers: 10
 Concurrent Workers: 3
 Concurrent Refinement Workers: 10
 Periodic GC: Disabled

Heap:
 garbage-first heap   total reserved 2097152K, committed 759808K, used 503256K [0x0000000080000000, 0x0000000100000000)
  region size 1024K, 49 young (50176K), 30 survivors (30720K)
 Metaspace       used 297966K, committed 302592K, reserved 688128K
  class space    used 39676K, committed 41792K, reserved 425984K

Heap Regions: E=young(eden), S=young(survivor), O=old, HS=humongous(starts), HC=humongous(continues), CS=collection set, F=free, TAMS=top-at-mark-start, PB=parsable bottom
|   0|0x0000000080000000, 0x0000000080100000, 0x0000000080100000|100%|HS|  |TAMS 0x0000000080100000| PB 0x0000000080000000| Complete |  0
|   1|0x0000000080100000, 0x0000000080200000, 0x0000000080200000|100%|HC|  |TAMS 0x0000000080200000| PB 0x0000000080100000| Complete |  0
|   2|0x0000000080200000, 0x0000000080300000, 0x0000000080300000|100%|HC|  |TAMS 0x0000000080300000| PB 0x0000000080200000| Complete |  0
|   3|0x0000000080300000, 0x0000000080400000, 0x0000000080400000|100%| O|  |TAMS 0x0000000080400000| PB 0x0000000080300000| Untracked |  0
|   4|0x0000000080400000, 0x0000000080500000, 0x0000000080500000|100%| O|  |TAMS 0x0000000080500000| PB 0x0000000080400000| Untracked |  0
|   5|0x0000000080500000, 0x0000000080600000, 0x0000000080600000|100%| O|  |TAMS 0x0000000080600000| PB 0x0000000080500000| Untracked |  0
|   6|0x0000000080600000, 0x0000000080700000, 0x0000000080700000|100%|HS|  |TAMS 0x0000000080700000| PB 0x0000000080600000| Complete |  0
|   7|0x0000000080700000, 0x0000000080800000, 0x0000000080800000|100%| O|  |TAMS 0x0000000080800000| PB 0x0000000080700000| Untracked |  0
|   8|0x0000000080800000, 0x0000000080900000, 0x0000000080900000|100%| O|  |TAMS 0x0000000080900000| PB 0x0000000080800000| Untracked |  0
|   9|0x0000000080900000, 0x0000000080a00000, 0x0000000080a00000|100%| O|  |TAMS 0x0000000080a00000| PB 0x0000000080900000| Untracked |  0
|  10|0x0000000080a00000, 0x0000000080b00000, 0x0000000080b00000|100%| O|  |TAMS 0x0000000080b00000| PB 0x0000000080a00000| Untracked |  0
|  11|0x0000000080b00000, 0x0000000080c00000, 0x0000000080c00000|100%| O|  |TAMS 0x0000000080c00000| PB 0x0000000080b00000| Untracked |  0
|  12|0x0000000080c00000, 0x0000000080d00000, 0x0000000080d00000|100%| O|  |TAMS 0x0000000080d00000| PB 0x0000000080c00000| Untracked |  0
|  13|0x0000000080d00000, 0x0000000080e00000, 0x0000000080e00000|100%| O|  |TAMS 0x0000000080e00000| PB 0x0000000080d00000| Untracked |  0
|  14|0x0000000080e00000, 0x0000000080f00000, 0x0000000080f00000|100%| O|  |TAMS 0x0000000080f00000| PB 0x0000000080e00000| Untracked |  0
|  15|0x0000000080f00000, 0x0000000081000000, 0x0000000081000000|100%| O|  |TAMS 0x0000000081000000| PB 0x0000000080f00000| Untracked |  0
|  16|0x0000000081000000, 0x0000000081100000, 0x0000000081100000|100%| O|  |TAMS 0x0000000081100000| PB 0x0000000081000000| Untracked |  0
|  17|0x0000000081100000, 0x0000000081200000, 0x0000000081200000|100%| O|  |TAMS 0x0000000081200000| PB 0x0000000081100000| Untracked |  0
|  18|0x0000000081200000, 0x0000000081300000, 0x0000000081300000|100%| O|  |TAMS 0x0000000081300000| PB 0x0000000081200000| Untracked |  0
|  19|0x0000000081300000, 0x0000000081400000, 0x0000000081400000|100%| O|  |TAMS 0x0000000081400000| PB 0x0000000081300000| Untracked |  0
|  20|0x0000000081400000, 0x0000000081500000, 0x0000000081500000|100%| O|  |TAMS 0x0000000081500000| PB 0x0000000081400000| Untracked |  0
|  21|0x0000000081500000, 0x0000000081600000, 0x0000000081600000|100%| O|  |TAMS 0x0000000081600000| PB 0x0000000081500000| Untracked |  0
|  22|0x0000000081600000, 0x0000000081700000, 0x0000000081700000|100%| O|  |TAMS 0x0000000081700000| PB 0x0000000081600000| Untracked |  0
|  23|0x0000000081700000, 0x0000000081800000, 0x0000000081800000|100%| O|  |TAMS 0x0000000081800000| PB 0x0000000081700000| Untracked |  0
|  24|0x0000000081800000, 0x0000000081900000, 0x0000000081900000|100%| O|  |TAMS 0x0000000081900000| PB 0x0000000081800000| Untracked |  0
|  25|0x0000000081900000, 0x0000000081a00000, 0x0000000081a00000|100%| O|  |TAMS 0x0000000081a00000| PB 0x0000000081900000| Untracked |  0
|  26|0x0000000081a00000, 0x0000000081b00000, 0x0000000081b00000|100%| O|  |TAMS 0x0000000081b00000| PB 0x0000000081a00000| Untracked |  0
|  27|0x0000000081b00000, 0x0000000081c00000, 0x0000000081c00000|100%| O|  |TAMS 0x0000000081c00000| PB 0x0000000081b00000| Untracked |  0
|  28|0x0000000081c00000, 0x0000000081d00000, 0x0000000081d00000|100%| O|  |TAMS 0x0000000081d00000| PB 0x0000000081c00000| Untracked |  0
|  29|0x0000000081d00000, 0x0000000081e00000, 0x0000000081e00000|100%| O|  |TAMS 0x0000000081e00000| PB 0x0000000081d00000| Untracked |  0
|  30|0x0000000081e00000, 0x0000000081f00000, 0x0000000081f00000|100%| O|  |TAMS 0x0000000081f00000| PB 0x0000000081e00000| Untracked |  0
|  31|0x0000000081f00000, 0x0000000082000000, 0x0000000082000000|100%| O|  |TAMS 0x0000000082000000| PB 0x0000000081f00000| Untracked |  0
|  32|0x0000000082000000, 0x0000000082100000, 0x0000000082100000|100%| O|  |TAMS 0x0000000082100000| PB 0x0000000082000000| Untracked |  0
|  33|0x0000000082100000, 0x0000000082200000, 0x0000000082200000|100%| O|  |TAMS 0x0000000082200000| PB 0x0000000082100000| Untracked |  0
|  34|0x0000000082200000, 0x0000000082300000, 0x0000000082300000|100%| O|  |TAMS 0x0000000082300000| PB 0x0000000082200000| Untracked |  0
|  35|0x0000000082300000, 0x0000000082400000, 0x0000000082400000|100%| O|  |TAMS 0x0000000082400000| PB 0x0000000082300000| Untracked |  0
|  36|0x0000000082400000, 0x0000000082500000, 0x0000000082500000|100%| O|  |TAMS 0x0000000082500000| PB 0x0000000082400000| Untracked |  0
|  37|0x0000000082500000, 0x0000000082600000, 0x0000000082600000|100%| O|  |TAMS 0x0000000082600000| PB 0x0000000082500000| Untracked |  0
|  38|0x0000000082600000, 0x0000000082700000, 0x0000000082700000|100%| O|  |TAMS 0x0000000082700000| PB 0x0000000082600000| Untracked |  0
|  39|0x0000000082700000, 0x0000000082800000, 0x0000000082800000|100%| O|  |TAMS 0x0000000082800000| PB 0x0000000082700000| Untracked |  0
|  40|0x0000000082800000, 0x0000000082900000, 0x0000000082900000|100%| O|  |TAMS 0x0000000082900000| PB 0x0000000082800000| Untracked |  0
|  41|0x0000000082900000, 0x0000000082a00000, 0x0000000082a00000|100%| O|  |TAMS 0x0000000082a00000| PB 0x0000000082900000| Untracked |  0
|  42|0x0000000082a00000, 0x0000000082b00000, 0x0000000082b00000|100%| O|  |TAMS 0x0000000082b00000| PB 0x0000000082a00000| Untracked |  0
|  43|0x0000000082b00000, 0x0000000082c00000, 0x0000000082c00000|100%| O|  |TAMS 0x0000000082c00000| PB 0x0000000082b00000| Untracked |  0
|  44|0x0000000082c00000, 0x0000000082d00000, 0x0000000082d00000|100%| O|  |TAMS 0x0000000082d00000| PB 0x0000000082c00000| Untracked |  0
|  45|0x0000000082d00000, 0x0000000082e00000, 0x0000000082e00000|100%| O|  |TAMS 0x0000000082e00000| PB 0x0000000082d00000| Untracked |  0
|  46|0x0000000082e00000, 0x0000000082f00000, 0x0000000082f00000|100%| O|  |TAMS 0x0000000082f00000| PB 0x0000000082e00000| Untracked |  0
|  47|0x0000000082f00000, 0x0000000083000000, 0x0000000083000000|100%| O|  |TAMS 0x0000000083000000| PB 0x0000000082f00000| Untracked |  0
|  48|0x0000000083000000, 0x0000000083100000, 0x0000000083100000|100%| O|  |TAMS 0x0000000083100000| PB 0x0000000083000000| Untracked |  0
|  49|0x0000000083100000, 0x0000000083200000, 0x0000000083200000|100%| O|  |TAMS 0x0000000083200000| PB 0x0000000083100000| Untracked |  0
|  50|0x0000000083200000, 0x0000000083300000, 0x0000000083300000|100%| O|  |TAMS 0x0000000083300000| PB 0x0000000083200000| Untracked |  0
|  51|0x0000000083300000, 0x0000000083400000, 0x0000000083400000|100%| O|  |TAMS 0x0000000083400000| PB 0x0000000083300000| Untracked |  0
|  52|0x0000000083400000, 0x0000000083500000, 0x0000000083500000|100%| O|  |TAMS 0x0000000083500000| PB 0x0000000083400000| Untracked |  0
|  53|0x0000000083500000, 0x0000000083600000, 0x0000000083600000|100%|HS|  |TAMS 0x0000000083600000| PB 0x0000000083500000| Complete |  0
|  54|0x0000000083600000, 0x0000000083700000, 0x0000000083700000|100%|HC|  |TAMS 0x0000000083700000| PB 0x0000000083600000| Complete |  0
|  55|0x0000000083700000, 0x0000000083800000, 0x0000000083800000|100%|HC|  |TAMS 0x0000000083800000| PB 0x0000000083700000| Complete |  0
|  56|0x0000000083800000, 0x0000000083900000, 0x0000000083900000|100%| O|  |TAMS 0x0000000083900000| PB 0x0000000083800000| Untracked |  0
|  57|0x0000000083900000, 0x0000000083a00000, 0x0000000083a00000|100%| O|  |TAMS 0x0000000083a00000| PB 0x0000000083900000| Untracked |  0
|  58|0x0000000083a00000, 0x0000000083b00000, 0x0000000083b00000|100%|HS|  |TAMS 0x0000000083b00000| PB 0x0000000083a00000| Complete |  0
|  59|0x0000000083b00000, 0x0000000083c00000, 0x0000000083c00000|100%|HS|  |TAMS 0x0000000083c00000| PB 0x0000000083b00000| Complete |  0
|  60|0x0000000083c00000, 0x0000000083d00000, 0x0000000083d00000|100%|HC|  |TAMS 0x0000000083d00000| PB 0x0000000083c00000| Complete |  0
|  61|0x0000000083d00000, 0x0000000083e00000, 0x0000000083e00000|100%|HC|  |TAMS 0x0000000083e00000| PB 0x0000000083d00000| Complete |  0
|  62|0x0000000083e00000, 0x0000000083f00000, 0x0000000083f00000|100%| O|  |TAMS 0x0000000083f00000| PB 0x0000000083e00000| Untracked |  0
|  63|0x0000000083f00000, 0x0000000084000000, 0x0000000084000000|100%| O|  |TAMS 0x0000000084000000| PB 0x0000000083f00000| Untracked |  0
|  64|0x0000000084000000, 0x0000000084100000, 0x0000000084100000|100%| O|  |TAMS 0x0000000084100000| PB 0x0000000084000000| Untracked |  0
|  65|0x0000000084100000, 0x0000000084200000, 0x0000000084200000|100%| O|  |TAMS 0x0000000084200000| PB 0x0000000084100000| Untracked |  0
|  66|0x0000000084200000, 0x0000000084300000, 0x0000000084300000|100%| O|  |TAMS 0x0000000084300000| PB 0x0000000084200000| Untracked |  0
|  67|0x0000000084300000, 0x0000000084400000, 0x0000000084400000|100%| O|  |TAMS 0x0000000084400000| PB 0x0000000084300000| Untracked |  0
|  68|0x0000000084400000, 0x0000000084500000, 0x0000000084500000|100%| O|  |TAMS 0x0000000084500000| PB 0x0000000084400000| Untracked |  0
|  69|0x0000000084500000, 0x0000000084600000, 0x0000000084600000|100%| O|  |TAMS 0x0000000084600000| PB 0x0000000084500000| Untracked |  0
|  70|0x0000000084600000, 0x0000000084700000, 0x0000000084700000|100%| O|  |TAMS 0x0000000084700000| PB 0x0000000084600000| Untracked |  0
|  71|0x0000000084700000, 0x0000000084800000, 0x0000000084800000|100%| O|  |TAMS 0x0000000084800000| PB 0x0000000084700000| Untracked |  0
|  72|0x0000000084800000, 0x0000000084900000, 0x0000000084900000|100%| O|  |TAMS 0x0000000084900000| PB 0x0000000084800000| Untracked |  0
|  73|0x0000000084900000, 0x0000000084a00000, 0x0000000084a00000|100%| O|  |TAMS 0x0000000084a00000| PB 0x0000000084900000| Untracked |  0
|  74|0x0000000084a00000, 0x0000000084b00000, 0x0000000084b00000|100%| O|  |TAMS 0x0000000084b00000| PB 0x0000000084a00000| Untracked |  0
|  75|0x0000000084b00000, 0x0000000084c00000, 0x0000000084c00000|100%| O|  |TAMS 0x0000000084c00000| PB 0x0000000084b00000| Untracked |  0
|  76|0x0000000084c00000, 0x0000000084d00000, 0x0000000084d00000|100%| O|  |TAMS 0x0000000084d00000| PB 0x0000000084c00000| Untracked |  0
|  77|0x0000000084d00000, 0x0000000084e00000, 0x0000000084e00000|100%| O|  |TAMS 0x0000000084e00000| PB 0x0000000084d00000| Untracked |  0
|  78|0x0000000084e00000, 0x0000000084f00000, 0x0000000084f00000|100%| O|  |TAMS 0x0000000084f00000| PB 0x0000000084e00000| Untracked |  0
|  79|0x0000000084f00000, 0x0000000085000000, 0x0000000085000000|100%| O|  |TAMS 0x0000000085000000| PB 0x0000000084f00000| Untracked |  0
|  80|0x0000000085000000, 0x0000000085100000, 0x0000000085100000|100%| O|  |TAMS 0x0000000085100000| PB 0x0000000085000000| Untracked |  0
|  81|0x0000000085100000, 0x0000000085200000, 0x0000000085200000|100%| O|  |TAMS 0x0000000085200000| PB 0x0000000085100000| Untracked |  0
|  82|0x0000000085200000, 0x0000000085300000, 0x0000000085300000|100%|HS|  |TAMS 0x0000000085300000| PB 0x0000000085200000| Complete |  0
|  83|0x0000000085300000, 0x0000000085400000, 0x0000000085400000|100%| O|  |TAMS 0x0000000085400000| PB 0x0000000085300000| Untracked |  0
|  84|0x0000000085400000, 0x0000000085500000, 0x0000000085500000|100%| O|  |TAMS 0x0000000085500000| PB 0x0000000085400000| Untracked |  0
|  85|0x0000000085500000, 0x0000000085600000, 0x0000000085600000|100%| O|  |TAMS 0x0000000085600000| PB 0x0000000085500000| Untracked |  0
|  86|0x0000000085600000, 0x0000000085700000, 0x0000000085700000|100%| O|  |TAMS 0x0000000085700000| PB 0x0000000085600000| Untracked |  0
|  87|0x0000000085700000, 0x0000000085800000, 0x0000000085800000|100%| O|  |TAMS 0x0000000085800000| PB 0x0000000085700000| Untracked |  0
|  88|0x0000000085800000, 0x0000000085900000, 0x0000000085900000|100%|HS|  |TAMS 0x0000000085900000| PB 0x0000000085800000| Complete |  0
|  89|0x0000000085900000, 0x0000000085a00000, 0x0000000085a00000|100%| O|  |TAMS 0x0000000085a00000| PB 0x0000000085900000| Untracked |  0
|  90|0x0000000085a00000, 0x0000000085b00000, 0x0000000085b00000|100%| O|  |TAMS 0x0000000085b00000| PB 0x0000000085a00000| Untracked |  0
|  91|0x0000000085b00000, 0x0000000085c00000, 0x0000000085c00000|100%| O|  |TAMS 0x0000000085c00000| PB 0x0000000085b00000| Untracked |  0
|  92|0x0000000085c00000, 0x0000000085d00000, 0x0000000085d00000|100%| O|  |TAMS 0x0000000085d00000| PB 0x0000000085c00000| Untracked |  0
|  93|0x0000000085d00000, 0x0000000085e00000, 0x0000000085e00000|100%| O|  |TAMS 0x0000000085e00000| PB 0x0000000085d00000| Untracked |  0
|  94|0x0000000085e00000, 0x0000000085f00000, 0x0000000085f00000|100%| O|  |TAMS 0x0000000085f00000| PB 0x0000000085e00000| Untracked |  0
|  95|0x0000000085f00000, 0x0000000086000000, 0x0000000086000000|100%| O|  |TAMS 0x0000000086000000| PB 0x0000000085f00000| Untracked |  0
|  96|0x0000000086000000, 0x0000000086100000, 0x0000000086100000|100%|HS|  |TAMS 0x0000000086100000| PB 0x0000000086000000| Complete |  0
|  97|0x0000000086100000, 0x0000000086200000, 0x0000000086200000|100%|HC|  |TAMS 0x0000000086200000| PB 0x0000000086100000| Complete |  0
|  98|0x0000000086200000, 0x0000000086300000, 0x0000000086300000|100%|HC|  |TAMS 0x0000000086300000| PB 0x0000000086200000| Complete |  0
|  99|0x0000000086300000, 0x0000000086400000, 0x0000000086400000|100%| O|  |TAMS 0x0000000086400000| PB 0x0000000086300000| Untracked |  0
| 100|0x0000000086400000, 0x0000000086500000, 0x0000000086500000|100%| O|  |TAMS 0x0000000086500000| PB 0x0000000086400000| Untracked |  0
| 101|0x0000000086500000, 0x0000000086600000, 0x0000000086600000|100%| O|  |TAMS 0x0000000086600000| PB 0x0000000086500000| Untracked |  0
| 102|0x0000000086600000, 0x0000000086700000, 0x0000000086700000|100%| O|  |TAMS 0x0000000086700000| PB 0x0000000086600000| Untracked |  0
| 103|0x0000000086700000, 0x0000000086800000, 0x0000000086800000|100%| O|  |TAMS 0x0000000086800000| PB 0x0000000086700000| Untracked |  0
| 104|0x0000000086800000, 0x0000000086900000, 0x0000000086900000|100%| O|  |TAMS 0x0000000086900000| PB 0x0000000086800000| Untracked |  0
| 105|0x0000000086900000, 0x0000000086a00000, 0x0000000086a00000|100%| O|  |TAMS 0x0000000086a00000| PB 0x0000000086900000| Untracked |  0
| 106|0x0000000086a00000, 0x0000000086b00000, 0x0000000086b00000|100%| O|  |TAMS 0x0000000086b00000| PB 0x0000000086a00000| Untracked |  0
| 107|0x0000000086b00000, 0x0000000086c00000, 0x0000000086c00000|100%| O|  |TAMS 0x0000000086c00000| PB 0x0000000086b00000| Untracked |  0
| 108|0x0000000086c00000, 0x0000000086d00000, 0x0000000086d00000|100%| O|  |TAMS 0x0000000086d00000| PB 0x0000000086c00000| Untracked |  0
| 109|0x0000000086d00000, 0x0000000086e00000, 0x0000000086e00000|100%| O|  |TAMS 0x0000000086e00000| PB 0x0000000086d00000| Untracked |  0
| 110|0x0000000086e00000, 0x0000000086f00000, 0x0000000086f00000|100%| O|  |TAMS 0x0000000086f00000| PB 0x0000000086e00000| Untracked |  0
| 111|0x0000000086f00000, 0x0000000087000000, 0x0000000087000000|100%| O|  |TAMS 0x0000000087000000| PB 0x0000000086f00000| Untracked |  0
| 112|0x0000000087000000, 0x0000000087100000, 0x0000000087100000|100%| O|  |TAMS 0x0000000087100000| PB 0x0000000087000000| Untracked |  0
| 113|0x0000000087100000, 0x0000000087200000, 0x0000000087200000|100%|HS|  |TAMS 0x0000000087200000| PB 0x0000000087100000| Complete |  0
| 114|0x0000000087200000, 0x0000000087300000, 0x0000000087300000|100%| O|  |TAMS 0x0000000087300000| PB 0x0000000087200000| Untracked |  0
| 115|0x0000000087300000, 0x0000000087400000, 0x0000000087400000|100%|HS|  |TAMS 0x0000000087400000| PB 0x0000000087300000| Complete |  0
| 116|0x0000000087400000, 0x0000000087500000, 0x0000000087500000|100%|HS|  |TAMS 0x0000000087500000| PB 0x0000000087400000| Complete |  0
| 117|0x0000000087500000, 0x0000000087600000, 0x0000000087600000|100%|HS|  |TAMS 0x0000000087600000| PB 0x0000000087500000| Complete |  0
| 118|0x0000000087600000, 0x0000000087700000, 0x0000000087700000|100%|HC|  |TAMS 0x0000000087700000| PB 0x0000000087600000| Complete |  0
| 119|0x0000000087700000, 0x0000000087800000, 0x0000000087800000|100%|HC|  |TAMS 0x0000000087800000| PB 0x0000000087700000| Complete |  0
| 120|0x0000000087800000, 0x0000000087900000, 0x0000000087900000|100%| O|  |TAMS 0x0000000087900000| PB 0x0000000087800000| Untracked |  0
| 121|0x0000000087900000, 0x0000000087a00000, 0x0000000087a00000|100%|HS|  |TAMS 0x0000000087a00000| PB 0x0000000087900000| Complete |  0
| 122|0x0000000087a00000, 0x0000000087b00000, 0x0000000087b00000|100%| O|  |TAMS 0x0000000087b00000| PB 0x0000000087a00000| Untracked |  0
| 123|0x0000000087b00000, 0x0000000087c00000, 0x0000000087c00000|100%| O|  |TAMS 0x0000000087c00000| PB 0x0000000087b00000| Untracked |  0
| 124|0x0000000087c00000, 0x0000000087d00000, 0x0000000087d00000|100%| O|  |TAMS 0x0000000087d00000| PB 0x0000000087c00000| Untracked |  0
| 125|0x0000000087d00000, 0x0000000087e00000, 0x0000000087e00000|100%| O|  |TAMS 0x0000000087e00000| PB 0x0000000087d00000| Untracked |  0
| 126|0x0000000087e00000, 0x0000000087f00000, 0x0000000087f00000|100%| O|  |TAMS 0x0000000087f00000| PB 0x0000000087e00000| Untracked |  0
| 127|0x0000000087f00000, 0x0000000088000000, 0x0000000088000000|100%| O|  |TAMS 0x0000000088000000| PB 0x0000000087f00000| Untracked |  0
| 128|0x0000000088000000, 0x0000000088100000, 0x0000000088100000|100%| O|  |TAMS 0x0000000088100000| PB 0x0000000088000000| Untracked |  0
| 129|0x0000000088100000, 0x0000000088200000, 0x0000000088200000|100%| O|  |TAMS 0x0000000088200000| PB 0x0000000088100000| Untracked |  0
| 130|0x0000000088200000, 0x0000000088300000, 0x0000000088300000|100%| O|  |TAMS 0x0000000088300000| PB 0x0000000088200000| Untracked |  0
| 131|0x0000000088300000, 0x0000000088400000, 0x0000000088400000|100%| O|  |TAMS 0x0000000088400000| PB 0x0000000088300000| Untracked |  0
| 132|0x0000000088400000, 0x0000000088500000, 0x0000000088500000|100%| O|  |TAMS 0x0000000088500000| PB 0x0000000088400000| Untracked |  0
| 133|0x0000000088500000, 0x0000000088600000, 0x0000000088600000|100%| O|  |TAMS 0x0000000088600000| PB 0x0000000088500000| Untracked |  0
| 134|0x0000000088600000, 0x0000000088700000, 0x0000000088700000|100%| O|  |TAMS 0x0000000088700000| PB 0x0000000088600000| Untracked |  0
| 135|0x0000000088700000, 0x0000000088800000, 0x0000000088800000|100%| O|  |TAMS 0x0000000088800000| PB 0x0000000088700000| Untracked |  0
| 136|0x0000000088800000, 0x0000000088900000, 0x0000000088900000|100%| O|  |TAMS 0x0000000088900000| PB 0x0000000088800000| Untracked |  0
| 137|0x0000000088900000, 0x0000000088a00000, 0x0000000088a00000|100%| O|  |TAMS 0x0000000088a00000| PB 0x0000000088900000| Untracked |  0
| 138|0x0000000088a00000, 0x0000000088b00000, 0x0000000088b00000|100%| O|  |TAMS 0x0000000088b00000| PB 0x0000000088a00000| Untracked |  0
| 139|0x0000000088b00000, 0x0000000088c00000, 0x0000000088c00000|100%| O|  |TAMS 0x0000000088c00000| PB 0x0000000088b00000| Untracked |  0
| 140|0x0000000088c00000, 0x0000000088d00000, 0x0000000088d00000|100%| O|  |TAMS 0x0000000088d00000| PB 0x0000000088c00000| Untracked |  0
| 141|0x0000000088d00000, 0x0000000088e00000, 0x0000000088e00000|100%| O|  |TAMS 0x0000000088e00000| PB 0x0000000088d00000| Untracked |  0
| 142|0x0000000088e00000, 0x0000000088f00000, 0x0000000088f00000|100%| O|  |TAMS 0x0000000088f00000| PB 0x0000000088e00000| Untracked |  0
| 143|0x0000000088f00000, 0x0000000089000000, 0x0000000089000000|100%| O|  |TAMS 0x0000000089000000| PB 0x0000000088f00000| Untracked |  0
| 144|0x0000000089000000, 0x0000000089100000, 0x0000000089100000|100%| O|  |TAMS 0x0000000089100000| PB 0x0000000089000000| Untracked |  0
| 145|0x0000000089100000, 0x0000000089200000, 0x0000000089200000|100%| O|  |TAMS 0x0000000089200000| PB 0x0000000089100000| Untracked |  0
| 146|0x0000000089200000, 0x0000000089300000, 0x0000000089300000|100%| O|  |TAMS 0x0000000089300000| PB 0x0000000089200000| Untracked |  0
| 147|0x0000000089300000, 0x0000000089400000, 0x0000000089400000|100%| O|  |TAMS 0x0000000089400000| PB 0x0000000089300000| Untracked |  0
| 148|0x0000000089400000, 0x0000000089500000, 0x0000000089500000|100%| O|  |TAMS 0x0000000089500000| PB 0x0000000089400000| Untracked |  0
| 149|0x0000000089500000, 0x0000000089600000, 0x0000000089600000|100%| O|  |TAMS 0x0000000089600000| PB 0x0000000089500000| Untracked |  0
| 150|0x0000000089600000, 0x0000000089700000, 0x0000000089700000|100%| O|  |TAMS 0x0000000089700000| PB 0x0000000089600000| Untracked |  0
| 151|0x0000000089700000, 0x0000000089800000, 0x0000000089800000|100%| O|  |TAMS 0x0000000089800000| PB 0x0000000089700000| Untracked |  0
| 152|0x0000000089800000, 0x0000000089900000, 0x0000000089900000|100%| O|  |TAMS 0x0000000089900000| PB 0x0000000089800000| Untracked |  0
| 153|0x0000000089900000, 0x0000000089a00000, 0x0000000089a00000|100%| O|  |TAMS 0x0000000089a00000| PB 0x0000000089900000| Untracked |  0
| 154|0x0000000089a00000, 0x0000000089b00000, 0x0000000089b00000|100%| O|  |TAMS 0x0000000089b00000| PB 0x0000000089a00000| Untracked |  0
| 155|0x0000000089b00000, 0x0000000089c00000, 0x0000000089c00000|100%| O|  |TAMS 0x0000000089c00000| PB 0x0000000089b00000| Untracked |  0
| 156|0x0000000089c00000, 0x0000000089d00000, 0x0000000089d00000|100%| O|  |TAMS 0x0000000089d00000| PB 0x0000000089c00000| Untracked |  0
| 157|0x0000000089d00000, 0x0000000089e00000, 0x0000000089e00000|100%| O|  |TAMS 0x0000000089e00000| PB 0x0000000089d00000| Untracked |  0
| 158|0x0000000089e00000, 0x0000000089f00000, 0x0000000089f00000|100%| O|  |TAMS 0x0000000089f00000| PB 0x0000000089e00000| Untracked |  0
| 159|0x0000000089f00000, 0x000000008a000000, 0x000000008a000000|100%| O|  |TAMS 0x000000008a000000| PB 0x0000000089f00000| Untracked |  0
| 160|0x000000008a000000, 0x000000008a100000, 0x000000008a100000|100%| O|  |TAMS 0x000000008a100000| PB 0x000000008a000000| Untracked |  0
| 161|0x000000008a100000, 0x000000008a200000, 0x000000008a200000|100%| O|  |TAMS 0x000000008a200000| PB 0x000000008a100000| Untracked |  0
| 162|0x000000008a200000, 0x000000008a300000, 0x000000008a300000|100%| O|  |TAMS 0x000000008a300000| PB 0x000000008a200000| Untracked |  0
| 163|0x000000008a300000, 0x000000008a400000, 0x000000008a400000|100%| O|  |TAMS 0x000000008a400000| PB 0x000000008a300000| Untracked |  0
| 164|0x000000008a400000, 0x000000008a500000, 0x000000008a500000|100%| O|  |TAMS 0x000000008a500000| PB 0x000000008a400000| Untracked |  0
| 165|0x000000008a500000, 0x000000008a600000, 0x000000008a600000|100%| O|  |TAMS 0x000000008a600000| PB 0x000000008a500000| Untracked |  0
| 166|0x000000008a600000, 0x000000008a700000, 0x000000008a700000|100%| O|  |TAMS 0x000000008a700000| PB 0x000000008a600000| Untracked |  0
| 167|0x000000008a700000, 0x000000008a800000, 0x000000008a800000|100%| O|  |TAMS 0x000000008a800000| PB 0x000000008a700000| Untracked |  0
| 168|0x000000008a800000, 0x000000008a900000, 0x000000008a900000|100%| O|  |TAMS 0x000000008a900000| PB 0x000000008a800000| Untracked |  0
| 169|0x000000008a900000, 0x000000008aa00000, 0x000000008aa00000|100%| O|  |TAMS 0x000000008aa00000| PB 0x000000008a900000| Untracked |  0
| 170|0x000000008aa00000, 0x000000008ab00000, 0x000000008ab00000|100%| O|  |TAMS 0x000000008ab00000| PB 0x000000008aa00000| Untracked |  0
| 171|0x000000008ab00000, 0x000000008ac00000, 0x000000008ac00000|100%| O|  |TAMS 0x000000008ac00000| PB 0x000000008ab00000| Untracked |  0
| 172|0x000000008ac00000, 0x000000008ad00000, 0x000000008ad00000|100%| O|  |TAMS 0x000000008ad00000| PB 0x000000008ac00000| Untracked |  0
| 173|0x000000008ad00000, 0x000000008ae00000, 0x000000008ae00000|100%| O|  |TAMS 0x000000008ae00000| PB 0x000000008ad00000| Untracked |  0
| 174|0x000000008ae00000, 0x000000008af00000, 0x000000008af00000|100%| O|  |TAMS 0x000000008af00000| PB 0x000000008ae00000| Untracked |  0
| 175|0x000000008af00000, 0x000000008b000000, 0x000000008b000000|100%| O|  |TAMS 0x000000008b000000| PB 0x000000008af00000| Untracked |  0
| 176|0x000000008b000000, 0x000000008b100000, 0x000000008b100000|100%| O|  |TAMS 0x000000008b100000| PB 0x000000008b000000| Untracked |  0
| 177|0x000000008b100000, 0x000000008b200000, 0x000000008b200000|100%| O|  |TAMS 0x000000008b200000| PB 0x000000008b100000| Untracked |  0
| 178|0x000000008b200000, 0x000000008b300000, 0x000000008b300000|100%| O|  |TAMS 0x000000008b300000| PB 0x000000008b200000| Untracked |  0
| 179|0x000000008b300000, 0x000000008b400000, 0x000000008b400000|100%|HS|  |TAMS 0x000000008b400000| PB 0x000000008b300000| Complete |  0
| 180|0x000000008b400000, 0x000000008b500000, 0x000000008b500000|100%|HS|  |TAMS 0x000000008b500000| PB 0x000000008b400000| Complete |  0
| 181|0x000000008b500000, 0x000000008b600000, 0x000000008b600000|100%|HS|  |TAMS 0x000000008b600000| PB 0x000000008b500000| Complete |  0
| 182|0x000000008b600000, 0x000000008b700000, 0x000000008b700000|100%| O|  |TAMS 0x000000008b700000| PB 0x000000008b600000| Untracked |  0
| 183|0x000000008b700000, 0x000000008b800000, 0x000000008b800000|100%| O|  |TAMS 0x000000008b800000| PB 0x000000008b700000| Untracked |  0
| 184|0x000000008b800000, 0x000000008b900000, 0x000000008b900000|100%| O|  |TAMS 0x000000008b900000| PB 0x000000008b800000| Untracked |  0
| 185|0x000000008b900000, 0x000000008ba00000, 0x000000008ba00000|100%| O|  |TAMS 0x000000008ba00000| PB 0x000000008b900000| Untracked |  0
| 186|0x000000008ba00000, 0x000000008bb00000, 0x000000008bb00000|100%| O|  |TAMS 0x000000008bb00000| PB 0x000000008ba00000| Untracked |  0
| 187|0x000000008bb00000, 0x000000008bc00000, 0x000000008bc00000|100%| O|  |TAMS 0x000000008bc00000| PB 0x000000008bb00000| Untracked |  0
| 188|0x000000008bc00000, 0x000000008bd00000, 0x000000008bd00000|100%| O|  |TAMS 0x000000008bd00000| PB 0x000000008bc00000| Untracked |  0
| 189|0x000000008bd00000, 0x000000008be00000, 0x000000008be00000|100%| O|  |TAMS 0x000000008be00000| PB 0x000000008bd00000| Untracked |  0
| 190|0x000000008be00000, 0x000000008bf00000, 0x000000008bf00000|100%| O|  |TAMS 0x000000008bf00000| PB 0x000000008be00000| Untracked |  0
| 191|0x000000008bf00000, 0x000000008c000000, 0x000000008c000000|100%| O|  |TAMS 0x000000008c000000| PB 0x000000008bf00000| Untracked |  0
| 192|0x000000008c000000, 0x000000008c100000, 0x000000008c100000|100%| O|  |TAMS 0x000000008c100000| PB 0x000000008c000000| Untracked |  0
| 193|0x000000008c100000, 0x000000008c200000, 0x000000008c200000|100%|HS|  |TAMS 0x000000008c200000| PB 0x000000008c100000| Complete |  0
| 194|0x000000008c200000, 0x000000008c300000, 0x000000008c300000|100%|HS|  |TAMS 0x000000008c300000| PB 0x000000008c200000| Complete |  0
| 195|0x000000008c300000, 0x000000008c400000, 0x000000008c400000|100%|HS|  |TAMS 0x000000008c400000| PB 0x000000008c300000| Complete |  0
| 196|0x000000008c400000, 0x000000008c500000, 0x000000008c500000|100%| O|  |TAMS 0x000000008c500000| PB 0x000000008c400000| Untracked |  0
| 197|0x000000008c500000, 0x000000008c600000, 0x000000008c600000|100%| O|  |TAMS 0x000000008c600000| PB 0x000000008c500000| Untracked |  0
| 198|0x000000008c600000, 0x000000008c700000, 0x000000008c700000|100%| O|  |TAMS 0x000000008c700000| PB 0x000000008c600000| Untracked |  0
| 199|0x000000008c700000, 0x000000008c800000, 0x000000008c800000|100%| O|  |TAMS 0x000000008c800000| PB 0x000000008c700000| Untracked |  0
| 200|0x000000008c800000, 0x000000008c900000, 0x000000008c900000|100%| O|  |TAMS 0x000000008c900000| PB 0x000000008c800000| Untracked |  0
| 201|0x000000008c900000, 0x000000008ca00000, 0x000000008ca00000|100%| O|  |TAMS 0x000000008ca00000| PB 0x000000008c900000| Untracked |  0
| 202|0x000000008ca00000, 0x000000008cb00000, 0x000000008cb00000|100%| O|  |TAMS 0x000000008cb00000| PB 0x000000008ca00000| Untracked |  0
| 203|0x000000008cb00000, 0x000000008cc00000, 0x000000008cc00000|100%| O|  |TAMS 0x000000008cc00000| PB 0x000000008cb00000| Untracked |  0
| 204|0x000000008cc00000, 0x000000008cd00000, 0x000000008cd00000|100%| O|  |TAMS 0x000000008cd00000| PB 0x000000008cc00000| Untracked |  0
| 205|0x000000008cd00000, 0x000000008ce00000, 0x000000008ce00000|100%| O|  |TAMS 0x000000008ce00000| PB 0x000000008cd00000| Untracked |  0
| 206|0x000000008ce00000, 0x000000008cf00000, 0x000000008cf00000|100%|HS|  |TAMS 0x000000008cf00000| PB 0x000000008ce00000| Complete |  0
| 207|0x000000008cf00000, 0x000000008d000000, 0x000000008d000000|100%| O|  |TAMS 0x000000008d000000| PB 0x000000008cf00000| Untracked |  0
| 208|0x000000008d000000, 0x000000008d100000, 0x000000008d100000|100%| O|  |TAMS 0x000000008d100000| PB 0x000000008d000000| Untracked |  0
| 209|0x000000008d100000, 0x000000008d200000, 0x000000008d200000|100%| O|  |TAMS 0x000000008d200000| PB 0x000000008d100000| Untracked |  0
| 210|0x000000008d200000, 0x000000008d300000, 0x000000008d300000|100%| O|  |TAMS 0x000000008d300000| PB 0x000000008d200000| Untracked |  0
| 211|0x000000008d300000, 0x000000008d400000, 0x000000008d400000|100%| O|  |TAMS 0x000000008d400000| PB 0x000000008d300000| Untracked |  0
| 212|0x000000008d400000, 0x000000008d500000, 0x000000008d500000|100%| O|  |TAMS 0x000000008d500000| PB 0x000000008d400000| Untracked |  0
| 213|0x000000008d500000, 0x000000008d600000, 0x000000008d600000|100%| O|  |TAMS 0x000000008d600000| PB 0x000000008d500000| Untracked |  0
| 214|0x000000008d600000, 0x000000008d700000, 0x000000008d700000|100%| O|  |TAMS 0x000000008d700000| PB 0x000000008d600000| Untracked |  0
| 215|0x000000008d700000, 0x000000008d800000, 0x000000008d800000|100%| O|  |TAMS 0x000000008d800000| PB 0x000000008d700000| Untracked |  0
| 216|0x000000008d800000, 0x000000008d900000, 0x000000008d900000|100%| O|  |TAMS 0x000000008d900000| PB 0x000000008d800000| Untracked |  0
| 217|0x000000008d900000, 0x000000008da00000, 0x000000008da00000|100%| O|  |TAMS 0x000000008da00000| PB 0x000000008d900000| Untracked |  0
| 218|0x000000008da00000, 0x000000008db00000, 0x000000008db00000|100%| O|  |TAMS 0x000000008db00000| PB 0x000000008da00000| Untracked |  0
| 219|0x000000008db00000, 0x000000008dc00000, 0x000000008dc00000|100%| O|  |TAMS 0x000000008dc00000| PB 0x000000008db00000| Untracked |  0
| 220|0x000000008dc00000, 0x000000008dd00000, 0x000000008dd00000|100%| O|  |TAMS 0x000000008dd00000| PB 0x000000008dc00000| Untracked |  0
| 221|0x000000008dd00000, 0x000000008de00000, 0x000000008de00000|100%| O|  |TAMS 0x000000008de00000| PB 0x000000008dd00000| Untracked |  0
| 222|0x000000008de00000, 0x000000008df00000, 0x000000008df00000|100%| O|  |TAMS 0x000000008df00000| PB 0x000000008de00000| Untracked |  0
| 223|0x000000008df00000, 0x000000008e000000, 0x000000008e000000|100%| O|  |TAMS 0x000000008e000000| PB 0x000000008df00000| Untracked |  0
| 224|0x000000008e000000, 0x000000008e100000, 0x000000008e100000|100%| O|  |TAMS 0x000000008e100000| PB 0x000000008e000000| Untracked |  0
| 225|0x000000008e100000, 0x000000008e200000, 0x000000008e200000|100%| O|  |TAMS 0x000000008e200000| PB 0x000000008e100000| Untracked |  0
| 226|0x000000008e200000, 0x000000008e300000, 0x000000008e300000|100%| O|  |TAMS 0x000000008e300000| PB 0x000000008e200000| Untracked |  0
| 227|0x000000008e300000, 0x000000008e400000, 0x000000008e400000|100%| O|  |TAMS 0x000000008e400000| PB 0x000000008e300000| Untracked |  0
| 228|0x000000008e400000, 0x000000008e500000, 0x000000008e500000|100%| O|  |TAMS 0x000000008e500000| PB 0x000000008e400000| Untracked |  0
| 229|0x000000008e500000, 0x000000008e600000, 0x000000008e600000|100%| O|  |TAMS 0x000000008e600000| PB 0x000000008e500000| Untracked |  0
| 230|0x000000008e600000, 0x000000008e700000, 0x000000008e700000|100%|HS|  |TAMS 0x000000008e700000| PB 0x000000008e600000| Complete |  0
| 231|0x000000008e700000, 0x000000008e800000, 0x000000008e800000|100%|HS|  |TAMS 0x000000008e800000| PB 0x000000008e700000| Complete |  0
| 232|0x000000008e800000, 0x000000008e900000, 0x000000008e900000|100%| O|  |TAMS 0x000000008e900000| PB 0x000000008e800000| Untracked |  0
| 233|0x000000008e900000, 0x000000008ea00000, 0x000000008ea00000|100%|HS|  |TAMS 0x000000008ea00000| PB 0x000000008e900000| Complete |  0
| 234|0x000000008ea00000, 0x000000008eb00000, 0x000000008eb00000|100%|HC|  |TAMS 0x000000008eb00000| PB 0x000000008ea00000| Complete |  0
| 235|0x000000008eb00000, 0x000000008ec00000, 0x000000008ec00000|100%| O|  |TAMS 0x000000008ec00000| PB 0x000000008eb00000| Untracked |  0
| 236|0x000000008ec00000, 0x000000008ed00000, 0x000000008ed00000|100%| O|  |TAMS 0x000000008ed00000| PB 0x000000008ec00000| Untracked |  0
| 237|0x000000008ed00000, 0x000000008ee00000, 0x000000008ee00000|100%| O|  |TAMS 0x000000008ee00000| PB 0x000000008ed00000| Untracked |  0
| 238|0x000000008ee00000, 0x000000008ef00000, 0x000000008ef00000|100%| O|  |TAMS 0x000000008ef00000| PB 0x000000008ee00000| Untracked |  0
| 239|0x000000008ef00000, 0x000000008f000000, 0x000000008f000000|100%| O|  |TAMS 0x000000008f000000| PB 0x000000008ef00000| Untracked |  0
| 240|0x000000008f000000, 0x000000008f100000, 0x000000008f100000|100%| O|  |TAMS 0x000000008f100000| PB 0x000000008f000000| Untracked |  0
| 241|0x000000008f100000, 0x000000008f200000, 0x000000008f200000|100%| O|  |TAMS 0x000000008f200000| PB 0x000000008f100000| Untracked |  0
| 242|0x000000008f200000, 0x000000008f300000, 0x000000008f300000|100%| O|  |TAMS 0x000000008f300000| PB 0x000000008f200000| Untracked |  0
| 243|0x000000008f300000, 0x000000008f400000, 0x000000008f400000|100%| O|  |TAMS 0x000000008f400000| PB 0x000000008f300000| Untracked |  0
| 244|0x000000008f400000, 0x000000008f500000, 0x000000008f500000|100%| O|  |TAMS 0x000000008f500000| PB 0x000000008f400000| Untracked |  0
| 245|0x000000008f500000, 0x000000008f600000, 0x000000008f600000|100%| O|  |TAMS 0x000000008f600000| PB 0x000000008f500000| Untracked |  0
| 246|0x000000008f600000, 0x000000008f700000, 0x000000008f700000|100%| O|  |TAMS 0x000000008f700000| PB 0x000000008f600000| Untracked |  0
| 247|0x000000008f700000, 0x000000008f800000, 0x000000008f800000|100%| O|  |TAMS 0x000000008f800000| PB 0x000000008f700000| Untracked |  0
| 248|0x000000008f800000, 0x000000008f900000, 0x000000008f900000|100%| O|  |TAMS 0x000000008f900000| PB 0x000000008f800000| Untracked |  0
| 249|0x000000008f900000, 0x000000008fa00000, 0x000000008fa00000|100%|HS|  |TAMS 0x000000008fa00000| PB 0x000000008f900000| Complete |  0
| 250|0x000000008fa00000, 0x000000008fb00000, 0x000000008fb00000|100%|HS|  |TAMS 0x000000008fb00000| PB 0x000000008fa00000| Complete |  0
| 251|0x000000008fb00000, 0x000000008fc00000, 0x000000008fc00000|100%| O|  |TAMS 0x000000008fc00000| PB 0x000000008fb00000| Untracked |  0
| 252|0x000000008fc00000, 0x000000008fd00000, 0x000000008fd00000|100%| O|  |TAMS 0x000000008fd00000| PB 0x000000008fc00000| Untracked |  0
| 253|0x000000008fd00000, 0x000000008fe00000, 0x000000008fe00000|100%| O|  |TAMS 0x000000008fe00000| PB 0x000000008fd00000| Untracked |  0
| 254|0x000000008fe00000, 0x000000008ff00000, 0x000000008ff00000|100%| O|  |TAMS 0x000000008ff00000| PB 0x000000008fe00000| Untracked |  0
| 255|0x000000008ff00000, 0x0000000090000000, 0x0000000090000000|100%| O|  |TAMS 0x0000000090000000| PB 0x000000008ff00000| Untracked |  0
| 256|0x0000000090000000, 0x0000000090100000, 0x0000000090100000|100%| O|  |TAMS 0x0000000090100000| PB 0x0000000090000000| Untracked |  0
| 257|0x0000000090100000, 0x0000000090200000, 0x0000000090200000|100%| O|  |TAMS 0x0000000090200000| PB 0x0000000090100000| Untracked |  0
| 258|0x0000000090200000, 0x0000000090300000, 0x0000000090300000|100%| O|  |TAMS 0x0000000090300000| PB 0x0000000090200000| Untracked |  0
| 259|0x0000000090300000, 0x0000000090400000, 0x0000000090400000|100%| O|  |TAMS 0x0000000090400000| PB 0x0000000090300000| Untracked |  0
| 260|0x0000000090400000, 0x0000000090500000, 0x0000000090500000|100%| O|  |TAMS 0x0000000090500000| PB 0x0000000090400000| Untracked |  0
| 261|0x0000000090500000, 0x0000000090600000, 0x0000000090600000|100%| O|  |TAMS 0x0000000090600000| PB 0x0000000090500000| Untracked |  0
| 262|0x0000000090600000, 0x0000000090700000, 0x0000000090700000|100%| O|  |TAMS 0x0000000090700000| PB 0x0000000090600000| Untracked |  0
| 263|0x0000000090700000, 0x0000000090800000, 0x0000000090800000|100%| O|  |TAMS 0x0000000090800000| PB 0x0000000090700000| Untracked |  0
| 264|0x0000000090800000, 0x0000000090900000, 0x0000000090900000|100%| O|  |TAMS 0x0000000090900000| PB 0x0000000090800000| Untracked |  0
| 265|0x0000000090900000, 0x0000000090a00000, 0x0000000090a00000|100%| O|  |TAMS 0x0000000090a00000| PB 0x0000000090900000| Untracked |  0
| 266|0x0000000090a00000, 0x0000000090b00000, 0x0000000090b00000|100%| O|  |TAMS 0x0000000090b00000| PB 0x0000000090a00000| Untracked |  0
| 267|0x0000000090b00000, 0x0000000090c00000, 0x0000000090c00000|100%| O|  |TAMS 0x0000000090c00000| PB 0x0000000090b00000| Untracked |  0
| 268|0x0000000090c00000, 0x0000000090d00000, 0x0000000090d00000|100%| O|  |TAMS 0x0000000090d00000| PB 0x0000000090c00000| Untracked |  0
| 269|0x0000000090d00000, 0x0000000090e00000, 0x0000000090e00000|100%| O|  |TAMS 0x0000000090e00000| PB 0x0000000090d00000| Untracked |  0
| 270|0x0000000090e00000, 0x0000000090f00000, 0x0000000090f00000|100%| O|  |TAMS 0x0000000090f00000| PB 0x0000000090e00000| Untracked |  0
| 271|0x0000000090f00000, 0x0000000091000000, 0x0000000091000000|100%| O|  |TAMS 0x0000000091000000| PB 0x0000000090f00000| Untracked |  0
| 272|0x0000000091000000, 0x0000000091100000, 0x0000000091100000|100%| O|  |TAMS 0x0000000091100000| PB 0x0000000091000000| Untracked |  0
| 273|0x0000000091100000, 0x0000000091200000, 0x0000000091200000|100%| O|  |TAMS 0x0000000091200000| PB 0x0000000091100000| Untracked |  0
| 274|0x0000000091200000, 0x0000000091300000, 0x0000000091300000|100%| O|  |TAMS 0x0000000091300000| PB 0x0000000091200000| Untracked |  0
| 275|0x0000000091300000, 0x0000000091400000, 0x0000000091400000|100%| O|  |TAMS 0x0000000091400000| PB 0x0000000091300000| Untracked |  0
| 276|0x0000000091400000, 0x0000000091500000, 0x0000000091500000|100%| O|  |TAMS 0x0000000091500000| PB 0x0000000091400000| Untracked |  0
| 277|0x0000000091500000, 0x0000000091600000, 0x0000000091600000|100%| O|  |TAMS 0x0000000091600000| PB 0x0000000091500000| Untracked |  0
| 278|0x0000000091600000, 0x0000000091700000, 0x0000000091700000|100%| O|  |TAMS 0x0000000091700000| PB 0x0000000091600000| Untracked |  0
| 279|0x0000000091700000, 0x0000000091800000, 0x0000000091800000|100%| O|  |TAMS 0x0000000091800000| PB 0x0000000091700000| Untracked |  0
| 280|0x0000000091800000, 0x0000000091900000, 0x0000000091900000|100%| O|  |TAMS 0x0000000091900000| PB 0x0000000091800000| Untracked |  0
| 281|0x0000000091900000, 0x0000000091a00000, 0x0000000091a00000|100%| O|  |TAMS 0x0000000091a00000| PB 0x0000000091900000| Untracked |  0
| 282|0x0000000091a00000, 0x0000000091b00000, 0x0000000091b00000|100%| O|  |TAMS 0x0000000091b00000| PB 0x0000000091a00000| Untracked |  0
| 283|0x0000000091b00000, 0x0000000091c00000, 0x0000000091c00000|100%| O|  |TAMS 0x0000000091c00000| PB 0x0000000091b00000| Untracked |  0
| 284|0x0000000091c00000, 0x0000000091d00000, 0x0000000091d00000|100%| O|  |TAMS 0x0000000091d00000| PB 0x0000000091c00000| Untracked |  0
| 285|0x0000000091d00000, 0x0000000091e00000, 0x0000000091e00000|100%| O|  |TAMS 0x0000000091e00000| PB 0x0000000091d00000| Untracked |  0
| 286|0x0000000091e00000, 0x0000000091f00000, 0x0000000091f00000|100%| O|  |TAMS 0x0000000091f00000| PB 0x0000000091e00000| Untracked |  0
| 287|0x0000000091f00000, 0x0000000092000000, 0x0000000092000000|100%| O|  |TAMS 0x0000000092000000| PB 0x0000000091f00000| Untracked |  0
| 288|0x0000000092000000, 0x0000000092100000, 0x0000000092100000|100%| O|  |TAMS 0x0000000092100000| PB 0x0000000092000000| Untracked |  0
| 289|0x0000000092100000, 0x0000000092200000, 0x0000000092200000|100%| O|  |TAMS 0x0000000092200000| PB 0x0000000092100000| Untracked |  0
| 290|0x0000000092200000, 0x0000000092300000, 0x0000000092300000|100%| O|  |TAMS 0x0000000092300000| PB 0x0000000092200000| Untracked |  0
| 291|0x0000000092300000, 0x0000000092400000, 0x0000000092400000|100%| O|  |TAMS 0x0000000092400000| PB 0x0000000092300000| Untracked |  0
| 292|0x0000000092400000, 0x0000000092500000, 0x0000000092500000|100%| O|  |TAMS 0x0000000092500000| PB 0x0000000092400000| Untracked |  0
| 293|0x0000000092500000, 0x0000000092600000, 0x0000000092600000|100%| O|  |TAMS 0x0000000092600000| PB 0x0000000092500000| Untracked |  0
| 294|0x0000000092600000, 0x0000000092700000, 0x0000000092700000|100%| O|  |TAMS 0x0000000092700000| PB 0x0000000092600000| Untracked |  0
| 295|0x0000000092700000, 0x0000000092800000, 0x0000000092800000|100%| O|  |TAMS 0x0000000092800000| PB 0x0000000092700000| Untracked |  0
| 296|0x0000000092800000, 0x0000000092900000, 0x0000000092900000|100%| O|  |TAMS 0x0000000092900000| PB 0x0000000092800000| Untracked |  0
| 297|0x0000000092900000, 0x0000000092a00000, 0x0000000092a00000|100%| O|  |TAMS 0x0000000092a00000| PB 0x0000000092900000| Untracked |  0
| 298|0x0000000092a00000, 0x0000000092b00000, 0x0000000092b00000|100%| O|  |TAMS 0x0000000092b00000| PB 0x0000000092a00000| Untracked |  0
| 299|0x0000000092b00000, 0x0000000092c00000, 0x0000000092c00000|100%| O|  |TAMS 0x0000000092c00000| PB 0x0000000092b00000| Untracked |  0
| 300|0x0000000092c00000, 0x0000000092d00000, 0x0000000092d00000|100%| O|  |TAMS 0x0000000092d00000| PB 0x0000000092c00000| Untracked |  0
| 301|0x0000000092d00000, 0x0000000092e00000, 0x0000000092e00000|100%| O|  |TAMS 0x0000000092e00000| PB 0x0000000092d00000| Untracked |  0
| 302|0x0000000092e00000, 0x0000000092f00000, 0x0000000092f00000|100%| O|  |TAMS 0x0000000092f00000| PB 0x0000000092e00000| Untracked |  0
| 303|0x0000000092f00000, 0x0000000093000000, 0x0000000093000000|100%| O|  |TAMS 0x0000000093000000| PB 0x0000000092f00000| Untracked |  0
| 304|0x0000000093000000, 0x0000000093100000, 0x0000000093100000|100%| O|  |TAMS 0x0000000093100000| PB 0x0000000093000000| Untracked |  0
| 305|0x0000000093100000, 0x0000000093200000, 0x0000000093200000|100%| O|  |TAMS 0x0000000093200000| PB 0x0000000093100000| Untracked |  0
| 306|0x0000000093200000, 0x0000000093300000, 0x0000000093300000|100%| O|  |TAMS 0x0000000093300000| PB 0x0000000093200000| Untracked |  0
| 307|0x0000000093300000, 0x0000000093400000, 0x0000000093400000|100%| O|  |TAMS 0x0000000093400000| PB 0x0000000093300000| Untracked |  0
| 308|0x0000000093400000, 0x0000000093500000, 0x0000000093500000|100%| O|  |TAMS 0x0000000093500000| PB 0x0000000093400000| Untracked |  0
| 309|0x0000000093500000, 0x0000000093600000, 0x0000000093600000|100%| O|  |TAMS 0x0000000093600000| PB 0x0000000093500000| Untracked |  0
| 310|0x0000000093600000, 0x0000000093700000, 0x0000000093700000|100%| O|  |TAMS 0x0000000093700000| PB 0x0000000093600000| Untracked |  0
| 311|0x0000000093700000, 0x0000000093700000, 0x0000000093800000|  0%| F|  |TAMS 0x0000000093700000| PB 0x0000000093700000| Untracked |  0
| 312|0x0000000093800000, 0x0000000093900000, 0x0000000093900000|100%| O|  |TAMS 0x0000000093800000| PB 0x0000000093800000| Untracked |  0
| 313|0x0000000093900000, 0x0000000093a00000, 0x0000000093a00000|100%| O|  |TAMS 0x0000000093a00000| PB 0x0000000093900000| Untracked |  0
| 314|0x0000000093a00000, 0x0000000093b00000, 0x0000000093b00000|100%| O|  |TAMS 0x0000000093b00000| PB 0x0000000093a00000| Untracked |  0
| 315|0x0000000093b00000, 0x0000000093c00000, 0x0000000093c00000|100%| O|  |TAMS 0x0000000093c00000| PB 0x0000000093b00000| Untracked |  0
| 316|0x0000000093c00000, 0x0000000093d00000, 0x0000000093d00000|100%| O|  |TAMS 0x0000000093d00000| PB 0x0000000093c00000| Untracked |  0
| 317|0x0000000093d00000, 0x0000000093e00000, 0x0000000093e00000|100%| O|  |TAMS 0x0000000093e00000| PB 0x0000000093d00000| Untracked |  0
| 318|0x0000000093e00000, 0x0000000093f00000, 0x0000000093f00000|100%| O|  |TAMS 0x0000000093f00000| PB 0x0000000093e00000| Untracked |  0
| 319|0x0000000093f00000, 0x0000000094000000, 0x0000000094000000|100%| O|  |TAMS 0x0000000094000000| PB 0x0000000093f00000| Untracked |  0
| 320|0x0000000094000000, 0x0000000094100000, 0x0000000094100000|100%| O|  |TAMS 0x0000000094100000| PB 0x0000000094000000| Untracked |  0
| 321|0x0000000094100000, 0x0000000094200000, 0x0000000094200000|100%| O|  |TAMS 0x0000000094200000| PB 0x0000000094100000| Untracked |  0
| 322|0x0000000094200000, 0x0000000094300000, 0x0000000094300000|100%| O|  |TAMS 0x0000000094300000| PB 0x0000000094200000| Untracked |  0
| 323|0x0000000094300000, 0x0000000094400000, 0x0000000094400000|100%| O|  |TAMS 0x0000000094400000| PB 0x0000000094300000| Untracked |  0
| 324|0x0000000094400000, 0x0000000094500000, 0x0000000094500000|100%| O|  |TAMS 0x0000000094500000| PB 0x0000000094400000| Untracked |  0
| 325|0x0000000094500000, 0x0000000094600000, 0x0000000094600000|100%| O|  |TAMS 0x0000000094600000| PB 0x0000000094500000| Untracked |  0
| 326|0x0000000094600000, 0x0000000094700000, 0x0000000094700000|100%| O|  |TAMS 0x0000000094700000| PB 0x0000000094600000| Untracked |  0
| 327|0x0000000094700000, 0x0000000094800000, 0x0000000094800000|100%| O|  |TAMS 0x0000000094800000| PB 0x0000000094700000| Untracked |  0
| 328|0x0000000094800000, 0x0000000094900000, 0x0000000094900000|100%| O|  |TAMS 0x0000000094900000| PB 0x0000000094800000| Untracked |  0
| 329|0x0000000094900000, 0x0000000094a00000, 0x0000000094a00000|100%| O|  |TAMS 0x0000000094a00000| PB 0x0000000094900000| Untracked |  0
| 330|0x0000000094a00000, 0x0000000094b00000, 0x0000000094b00000|100%| O|  |TAMS 0x0000000094b00000| PB 0x0000000094a00000| Untracked |  0
| 331|0x0000000094b00000, 0x0000000094c00000, 0x0000000094c00000|100%| O|  |TAMS 0x0000000094c00000| PB 0x0000000094b00000| Untracked |  0
| 332|0x0000000094c00000, 0x0000000094d00000, 0x0000000094d00000|100%| O|  |TAMS 0x0000000094d00000| PB 0x0000000094c00000| Untracked |  0
| 333|0x0000000094d00000, 0x0000000094e00000, 0x0000000094e00000|100%| O|  |TAMS 0x0000000094e00000| PB 0x0000000094d00000| Untracked |  0
| 334|0x0000000094e00000, 0x0000000094f00000, 0x0000000094f00000|100%| O|  |TAMS 0x0000000094f00000| PB 0x0000000094e00000| Untracked |  0
| 335|0x0000000094f00000, 0x0000000095000000, 0x0000000095000000|100%| O|  |TAMS 0x0000000095000000| PB 0x0000000094f00000| Untracked |  0
| 336|0x0000000095000000, 0x0000000095100000, 0x0000000095100000|100%| O|  |TAMS 0x0000000095100000| PB 0x0000000095000000| Untracked |  0
| 337|0x0000000095100000, 0x0000000095200000, 0x0000000095200000|100%| O|  |TAMS 0x0000000095200000| PB 0x0000000095100000| Untracked |  0
| 338|0x0000000095200000, 0x0000000095300000, 0x0000000095300000|100%| O|  |TAMS 0x0000000095300000| PB 0x0000000095200000| Untracked |  0
| 339|0x0000000095300000, 0x0000000095400000, 0x0000000095400000|100%| O|  |TAMS 0x0000000095400000| PB 0x0000000095300000| Untracked |  0
| 340|0x0000000095400000, 0x0000000095500000, 0x0000000095500000|100%| O|  |TAMS 0x0000000095500000| PB 0x0000000095400000| Untracked |  0
| 341|0x0000000095500000, 0x0000000095600000, 0x0000000095600000|100%| O|  |TAMS 0x0000000095600000| PB 0x0000000095500000| Untracked |  0
| 342|0x0000000095600000, 0x0000000095700000, 0x0000000095700000|100%| O|  |TAMS 0x0000000095700000| PB 0x0000000095600000| Untracked |  0
| 343|0x0000000095700000, 0x0000000095800000, 0x0000000095800000|100%| O|  |TAMS 0x0000000095800000| PB 0x0000000095700000| Untracked |  0
| 344|0x0000000095800000, 0x0000000095900000, 0x0000000095900000|100%| O|  |TAMS 0x0000000095900000| PB 0x0000000095800000| Untracked |  0
| 345|0x0000000095900000, 0x0000000095a00000, 0x0000000095a00000|100%| O|  |TAMS 0x0000000095a00000| PB 0x0000000095900000| Untracked |  0
| 346|0x0000000095a00000, 0x0000000095b00000, 0x0000000095b00000|100%| O|  |TAMS 0x0000000095b00000| PB 0x0000000095a00000| Untracked |  0
| 347|0x0000000095b00000, 0x0000000095c00000, 0x0000000095c00000|100%|HS|  |TAMS 0x0000000095c00000| PB 0x0000000095b00000| Complete |  0
| 348|0x0000000095c00000, 0x0000000095d00000, 0x0000000095d00000|100%|HC|  |TAMS 0x0000000095d00000| PB 0x0000000095c00000| Complete |  0
| 349|0x0000000095d00000, 0x0000000095e00000, 0x0000000095e00000|100%|HC|  |TAMS 0x0000000095e00000| PB 0x0000000095d00000| Complete |  0
| 350|0x0000000095e00000, 0x0000000095f00000, 0x0000000095f00000|100%| O|  |TAMS 0x0000000095f00000| PB 0x0000000095e00000| Untracked |  0
| 351|0x0000000095f00000, 0x0000000096000000, 0x0000000096000000|100%| O|  |TAMS 0x0000000096000000| PB 0x0000000095f00000| Untracked |  0
| 352|0x0000000096000000, 0x0000000096100000, 0x0000000096100000|100%| O|  |TAMS 0x0000000096100000| PB 0x0000000096000000| Untracked |  0
| 353|0x0000000096100000, 0x0000000096200000, 0x0000000096200000|100%|HS|  |TAMS 0x0000000096200000| PB 0x0000000096100000| Complete |  0
| 354|0x0000000096200000, 0x0000000096300000, 0x0000000096300000|100%|HC|  |TAMS 0x0000000096300000| PB 0x0000000096200000| Complete |  0
| 355|0x0000000096300000, 0x0000000096400000, 0x0000000096400000|100%|HC|  |TAMS 0x0000000096400000| PB 0x0000000096300000| Complete |  0
| 356|0x0000000096400000, 0x0000000096500000, 0x0000000096500000|100%| O|  |TAMS 0x0000000096500000| PB 0x0000000096400000| Untracked |  0
| 357|0x0000000096500000, 0x0000000096600000, 0x0000000096600000|100%| O|  |TAMS 0x0000000096600000| PB 0x0000000096500000| Untracked |  0
| 358|0x0000000096600000, 0x0000000096700000, 0x0000000096700000|100%| O|  |TAMS 0x0000000096700000| PB 0x0000000096600000| Untracked |  0
| 359|0x0000000096700000, 0x0000000096800000, 0x0000000096800000|100%| O|  |TAMS 0x0000000096800000| PB 0x0000000096700000| Untracked |  0
| 360|0x0000000096800000, 0x0000000096900000, 0x0000000096900000|100%| O|  |TAMS 0x0000000096900000| PB 0x0000000096800000| Untracked |  0
| 361|0x0000000096900000, 0x0000000096a00000, 0x0000000096a00000|100%| O|  |TAMS 0x0000000096a00000| PB 0x0000000096900000| Untracked |  0
| 362|0x0000000096a00000, 0x0000000096b00000, 0x0000000096b00000|100%| O|  |TAMS 0x0000000096a80000| PB 0x0000000096a00000| Untracked |  0
| 363|0x0000000096b00000, 0x0000000096c00000, 0x0000000096c00000|100%| O|  |TAMS 0x0000000096c00000| PB 0x0000000096b00000| Untracked |  0
| 364|0x0000000096c00000, 0x0000000096d00000, 0x0000000096d00000|100%| O|  |TAMS 0x0000000096c00000| PB 0x0000000096c00000| Untracked |  0
| 365|0x0000000096d00000, 0x0000000096e00000, 0x0000000096e00000|100%| O|  |TAMS 0x0000000096e00000| PB 0x0000000096d00000| Untracked |  0
| 366|0x0000000096e00000, 0x0000000096f00000, 0x0000000096f00000|100%| O|  |TAMS 0x0000000096f00000| PB 0x0000000096e00000| Untracked |  0
| 367|0x0000000096f00000, 0x0000000097000000, 0x0000000097000000|100%| O|  |TAMS 0x0000000097000000| PB 0x0000000096f00000| Untracked |  0
| 368|0x0000000097000000, 0x0000000097100000, 0x0000000097100000|100%| O|  |TAMS 0x0000000097100000| PB 0x0000000097000000| Untracked |  0
| 369|0x0000000097100000, 0x0000000097200000, 0x0000000097200000|100%| O|  |TAMS 0x0000000097200000| PB 0x0000000097100000| Untracked |  0
| 370|0x0000000097200000, 0x0000000097300000, 0x0000000097300000|100%| O|  |TAMS 0x0000000097300000| PB 0x0000000097200000| Untracked |  0
| 371|0x0000000097300000, 0x0000000097400000, 0x0000000097400000|100%| O|  |TAMS 0x0000000097400000| PB 0x0000000097300000| Untracked |  0
| 372|0x0000000097400000, 0x0000000097500000, 0x0000000097500000|100%| O|  |TAMS 0x0000000097500000| PB 0x0000000097400000| Untracked |  0
| 373|0x0000000097500000, 0x0000000097600000, 0x0000000097600000|100%| O|  |TAMS 0x0000000097600000| PB 0x0000000097500000| Untracked |  0
| 374|0x0000000097600000, 0x0000000097700000, 0x0000000097700000|100%| O|  |TAMS 0x0000000097700000| PB 0x0000000097600000| Untracked |  0
| 375|0x0000000097700000, 0x0000000097800000, 0x0000000097800000|100%| O|  |TAMS 0x0000000097800000| PB 0x0000000097700000| Untracked |  0
| 376|0x0000000097800000, 0x0000000097900000, 0x0000000097900000|100%| O|  |TAMS 0x0000000097800000| PB 0x0000000097800000| Untracked |  0
| 377|0x0000000097900000, 0x0000000097a00000, 0x0000000097a00000|100%| O|  |TAMS 0x0000000097a00000| PB 0x0000000097900000| Untracked |  0
| 378|0x0000000097a00000, 0x0000000097b00000, 0x0000000097b00000|100%| O|  |TAMS 0x0000000097b00000| PB 0x0000000097a00000| Untracked |  0
| 379|0x0000000097b00000, 0x0000000097c00000, 0x0000000097c00000|100%| O|  |TAMS 0x0000000097c00000| PB 0x0000000097b00000| Untracked |  0
| 380|0x0000000097c00000, 0x0000000097d00000, 0x0000000097d00000|100%| O|  |TAMS 0x0000000097d00000| PB 0x0000000097c00000| Untracked |  0
| 381|0x0000000097d00000, 0x0000000097e00000, 0x0000000097e00000|100%| O|  |TAMS 0x0000000097e00000| PB 0x0000000097d00000| Untracked |  0
| 382|0x0000000097e00000, 0x0000000097f00000, 0x0000000097f00000|100%|HS|  |TAMS 0x0000000097f00000| PB 0x0000000097e00000| Complete |  0
| 383|0x0000000097f00000, 0x0000000098000000, 0x0000000098000000|100%|HC|  |TAMS 0x0000000098000000| PB 0x0000000097f00000| Complete |  0
| 384|0x0000000098000000, 0x0000000098100000, 0x0000000098100000|100%| O|  |TAMS 0x0000000098100000| PB 0x0000000098000000| Untracked |  0
| 385|0x0000000098100000, 0x0000000098200000, 0x0000000098200000|100%| O|  |TAMS 0x0000000098100000| PB 0x0000000098100000| Untracked |  0
| 386|0x0000000098200000, 0x0000000098300000, 0x0000000098300000|100%| O|  |TAMS 0x0000000098300000| PB 0x0000000098200000| Untracked |  0
| 387|0x0000000098300000, 0x0000000098400000, 0x0000000098400000|100%| O|  |TAMS 0x0000000098400000| PB 0x0000000098300000| Untracked |  0
| 388|0x0000000098400000, 0x0000000098500000, 0x0000000098500000|100%| O|  |TAMS 0x0000000098400000| PB 0x0000000098400000| Untracked |  0
| 389|0x0000000098500000, 0x0000000098500000, 0x0000000098600000|  0%| F|  |TAMS 0x0000000098500000| PB 0x0000000098500000| Untracked |  0
| 390|0x0000000098600000, 0x0000000098600000, 0x0000000098700000|  0%| F|  |TAMS 0x0000000098600000| PB 0x0000000098600000| Untracked |  0
| 391|0x0000000098700000, 0x0000000098700000, 0x0000000098800000|  0%| F|  |TAMS 0x0000000098700000| PB 0x0000000098700000| Untracked |  0
| 392|0x0000000098800000, 0x0000000098900000, 0x0000000098900000|100%| O|  |TAMS 0x0000000098900000| PB 0x0000000098800000| Untracked |  0
| 393|0x0000000098900000, 0x0000000098a00000, 0x0000000098a00000|100%| O|  |TAMS 0x0000000098a00000| PB 0x0000000098900000| Untracked |  0
| 394|0x0000000098a00000, 0x0000000098b00000, 0x0000000098b00000|100%| O|  |TAMS 0x0000000098b00000| PB 0x0000000098a00000| Untracked |  0
| 395|0x0000000098b00000, 0x0000000098c00000, 0x0000000098c00000|100%| O|  |TAMS 0x0000000098c00000| PB 0x0000000098b00000| Untracked |  0
| 396|0x0000000098c00000, 0x0000000098d00000, 0x0000000098d00000|100%| O|  |TAMS 0x0000000098d00000| PB 0x0000000098c00000| Untracked |  0
| 397|0x0000000098d00000, 0x0000000098d00000, 0x0000000098e00000|  0%| F|  |TAMS 0x0000000098d00000| PB 0x0000000098d00000| Untracked |  0
| 398|0x0000000098e00000, 0x0000000098e00000, 0x0000000098f00000|  0%| F|  |TAMS 0x0000000098e00000| PB 0x0000000098e00000| Untracked |  0
| 399|0x0000000098f00000, 0x0000000099000000, 0x0000000099000000|100%| O|  |TAMS 0x0000000099000000| PB 0x0000000098f00000| Untracked |  0
| 400|0x0000000099000000, 0x0000000099100000, 0x0000000099100000|100%| O|  |TAMS 0x0000000099100000| PB 0x0000000099000000| Untracked |  0
| 401|0x0000000099100000, 0x0000000099200000, 0x0000000099200000|100%| O|  |TAMS 0x0000000099200000| PB 0x0000000099100000| Untracked |  0
| 402|0x0000000099200000, 0x0000000099300000, 0x0000000099300000|100%| O|  |TAMS 0x0000000099300000| PB 0x0000000099200000| Untracked |  0
| 403|0x0000000099300000, 0x0000000099400000, 0x0000000099400000|100%| O|  |TAMS 0x0000000099400000| PB 0x0000000099300000| Untracked |  0
| 404|0x0000000099400000, 0x0000000099400000, 0x0000000099500000|  0%| F|  |TAMS 0x0000000099400000| PB 0x0000000099400000| Untracked |  0
| 405|0x0000000099500000, 0x0000000099500000, 0x0000000099600000|  0%| F|  |TAMS 0x0000000099500000| PB 0x0000000099500000| Untracked |  0
| 406|0x0000000099600000, 0x0000000099600000, 0x0000000099700000|  0%| F|  |TAMS 0x0000000099600000| PB 0x0000000099600000| Untracked |  0
| 407|0x0000000099700000, 0x0000000099700000, 0x0000000099800000|  0%| F|  |TAMS 0x0000000099700000| PB 0x0000000099700000| Untracked |  0
| 408|0x0000000099800000, 0x0000000099800000, 0x0000000099900000|  0%| F|  |TAMS 0x0000000099800000| PB 0x0000000099800000| Untracked |  0
| 409|0x0000000099900000, 0x0000000099900000, 0x0000000099a00000|  0%| F|  |TAMS 0x0000000099900000| PB 0x0000000099900000| Untracked |  0
| 410|0x0000000099a00000, 0x0000000099a00000, 0x0000000099b00000|  0%| F|  |TAMS 0x0000000099a00000| PB 0x0000000099a00000| Untracked |  0
| 411|0x0000000099b00000, 0x0000000099b00000, 0x0000000099c00000|  0%| F|  |TAMS 0x0000000099b00000| PB 0x0000000099b00000| Untracked |  0
| 412|0x0000000099c00000, 0x0000000099d00000, 0x0000000099d00000|100%| O|  |TAMS 0x0000000099d00000| PB 0x0000000099c00000| Untracked |  0
| 413|0x0000000099d00000, 0x0000000099d00000, 0x0000000099e00000|  0%| F|  |TAMS 0x0000000099d00000| PB 0x0000000099d00000| Untracked |  0
| 414|0x0000000099e00000, 0x0000000099f00000, 0x0000000099f00000|100%| O|  |TAMS 0x0000000099f00000| PB 0x0000000099e00000| Untracked |  0
| 415|0x0000000099f00000, 0x0000000099f00000, 0x000000009a000000|  0%| F|  |TAMS 0x0000000099f00000| PB 0x0000000099f00000| Untracked |  0
| 416|0x000000009a000000, 0x000000009a000000, 0x000000009a100000|  0%| F|  |TAMS 0x000000009a000000| PB 0x000000009a000000| Untracked |  0
| 417|0x000000009a100000, 0x000000009a200000, 0x000000009a200000|100%| O|  |TAMS 0x000000009a200000| PB 0x000000009a100000| Untracked |  0
| 418|0x000000009a200000, 0x000000009a200000, 0x000000009a300000|  0%| F|  |TAMS 0x000000009a200000| PB 0x000000009a200000| Untracked |  0
| 419|0x000000009a300000, 0x000000009a400000, 0x000000009a400000|100%| O|  |TAMS 0x000000009a400000| PB 0x000000009a300000| Untracked |  0
| 420|0x000000009a400000, 0x000000009a500000, 0x000000009a500000|100%| O|  |TAMS 0x000000009a500000| PB 0x000000009a400000| Untracked |  0
| 421|0x000000009a500000, 0x000000009a600000, 0x000000009a600000|100%| O|  |TAMS 0x000000009a600000| PB 0x000000009a500000| Untracked |  0
| 422|0x000000009a600000, 0x000000009a700000, 0x000000009a700000|100%| O|  |TAMS 0x000000009a700000| PB 0x000000009a600000| Untracked |  0
| 423|0x000000009a700000, 0x000000009a800000, 0x000000009a800000|100%| O|  |TAMS 0x000000009a800000| PB 0x000000009a700000| Untracked |  0
| 424|0x000000009a800000, 0x000000009a900000, 0x000000009a900000|100%| O|  |TAMS 0x000000009a900000| PB 0x000000009a800000| Untracked |  0
| 425|0x000000009a900000, 0x000000009a900000, 0x000000009aa00000|  0%| F|  |TAMS 0x000000009a900000| PB 0x000000009a900000| Untracked |  0
| 426|0x000000009aa00000, 0x000000009aa00000, 0x000000009ab00000|  0%| F|  |TAMS 0x000000009aa00000| PB 0x000000009aa00000| Untracked |  0
| 427|0x000000009ab00000, 0x000000009ab00000, 0x000000009ac00000|  0%| F|  |TAMS 0x000000009ab00000| PB 0x000000009ab00000| Untracked |  0
| 428|0x000000009ac00000, 0x000000009ad00000, 0x000000009ad00000|100%| O|  |TAMS 0x000000009ad00000| PB 0x000000009ac00000| Untracked |  0
| 429|0x000000009ad00000, 0x000000009ad00000, 0x000000009ae00000|  0%| F|  |TAMS 0x000000009ad00000| PB 0x000000009ad00000| Untracked |  0
| 430|0x000000009ae00000, 0x000000009ae00000, 0x000000009af00000|  0%| F|  |TAMS 0x000000009ae00000| PB 0x000000009ae00000| Untracked |  0
| 431|0x000000009af00000, 0x000000009b000000, 0x000000009b000000|100%| O|  |TAMS 0x000000009b000000| PB 0x000000009af00000| Untracked |  0
| 432|0x000000009b000000, 0x000000009b100000, 0x000000009b100000|100%| O|  |TAMS 0x000000009b100000| PB 0x000000009b000000| Untracked |  0
| 433|0x000000009b100000, 0x000000009b100000, 0x000000009b200000|  0%| F|  |TAMS 0x000000009b100000| PB 0x000000009b100000| Untracked |  0
| 434|0x000000009b200000, 0x000000009b200000, 0x000000009b300000|  0%| F|  |TAMS 0x000000009b200000| PB 0x000000009b200000| Untracked |  0
| 435|0x000000009b300000, 0x000000009b300000, 0x000000009b400000|  0%| F|  |TAMS 0x000000009b300000| PB 0x000000009b300000| Untracked |  0
| 436|0x000000009b400000, 0x000000009b400000, 0x000000009b500000|  0%| F|  |TAMS 0x000000009b400000| PB 0x000000009b400000| Untracked |  0
| 437|0x000000009b500000, 0x000000009b500000, 0x000000009b600000|  0%| F|  |TAMS 0x000000009b500000| PB 0x000000009b500000| Untracked |  0
| 438|0x000000009b600000, 0x000000009b600000, 0x000000009b700000|  0%| F|  |TAMS 0x000000009b600000| PB 0x000000009b600000| Untracked |  0
| 439|0x000000009b700000, 0x000000009b700000, 0x000000009b800000|  0%| F|  |TAMS 0x000000009b700000| PB 0x000000009b700000| Untracked |  0
| 440|0x000000009b800000, 0x000000009b800000, 0x000000009b900000|  0%| F|  |TAMS 0x000000009b800000| PB 0x000000009b800000| Untracked |  0
| 441|0x000000009b900000, 0x000000009b900000, 0x000000009ba00000|  0%| F|  |TAMS 0x000000009b900000| PB 0x000000009b900000| Untracked |  0
| 442|0x000000009ba00000, 0x000000009ba00000, 0x000000009bb00000|  0%| F|  |TAMS 0x000000009ba00000| PB 0x000000009ba00000| Untracked |  0
| 443|0x000000009bb00000, 0x000000009bb00000, 0x000000009bc00000|  0%| F|  |TAMS 0x000000009bb00000| PB 0x000000009bb00000| Untracked |  0
| 444|0x000000009bc00000, 0x000000009bc00000, 0x000000009bd00000|  0%| F|  |TAMS 0x000000009bc00000| PB 0x000000009bc00000| Untracked |  0
| 445|0x000000009bd00000, 0x000000009be00000, 0x000000009be00000|100%| O|  |TAMS 0x000000009be00000| PB 0x000000009bd00000| Untracked |  0
| 446|0x000000009be00000, 0x000000009bf00000, 0x000000009bf00000|100%| O|  |TAMS 0x000000009bf00000| PB 0x000000009be00000| Untracked |  0
| 447|0x000000009bf00000, 0x000000009c000000, 0x000000009c000000|100%| O|  |TAMS 0x000000009c000000| PB 0x000000009bf00000| Untracked |  0
| 448|0x000000009c000000, 0x000000009c100000, 0x000000009c100000|100%| O|  |TAMS 0x000000009c100000| PB 0x000000009c000000| Untracked |  0
| 449|0x000000009c100000, 0x000000009c200000, 0x000000009c200000|100%| O|  |TAMS 0x000000009c200000| PB 0x000000009c100000| Untracked |  0
| 450|0x000000009c200000, 0x000000009c300000, 0x000000009c300000|100%| O|  |TAMS 0x000000009c300000| PB 0x000000009c200000| Untracked |  0
| 451|0x000000009c300000, 0x000000009c400000, 0x000000009c400000|100%| O|  |TAMS 0x000000009c400000| PB 0x000000009c300000| Untracked |  0
| 452|0x000000009c400000, 0x000000009c500000, 0x000000009c500000|100%| O|  |TAMS 0x000000009c500000| PB 0x000000009c400000| Untracked |  0
| 453|0x000000009c500000, 0x000000009c600000, 0x000000009c600000|100%| O|  |TAMS 0x000000009c600000| PB 0x000000009c500000| Untracked |  0
| 454|0x000000009c600000, 0x000000009c700000, 0x000000009c700000|100%| O|  |TAMS 0x000000009c700000| PB 0x000000009c600000| Untracked |  0
| 455|0x000000009c700000, 0x000000009c800000, 0x000000009c800000|100%| O|  |TAMS 0x000000009c800000| PB 0x000000009c700000| Untracked |  0
| 456|0x000000009c800000, 0x000000009c900000, 0x000000009c900000|100%| O|  |TAMS 0x000000009c900000| PB 0x000000009c800000| Untracked |  0
| 457|0x000000009c900000, 0x000000009ca00000, 0x000000009ca00000|100%| O|  |TAMS 0x000000009ca00000| PB 0x000000009c900000| Untracked |  0
| 458|0x000000009ca00000, 0x000000009cb00000, 0x000000009cb00000|100%| O|  |TAMS 0x000000009cb00000| PB 0x000000009ca00000| Untracked |  0
| 459|0x000000009cb00000, 0x000000009cc00000, 0x000000009cc00000|100%| O|  |TAMS 0x000000009cc00000| PB 0x000000009cb00000| Untracked |  0
| 460|0x000000009cc00000, 0x000000009cd00000, 0x000000009cd00000|100%| O|  |TAMS 0x000000009cd00000| PB 0x000000009cc00000| Untracked |  0
| 461|0x000000009cd00000, 0x000000009ce00000, 0x000000009ce00000|100%| O|  |TAMS 0x000000009ce00000| PB 0x000000009cd00000| Untracked |  0
| 462|0x000000009ce00000, 0x000000009cf00000, 0x000000009cf00000|100%| O|  |TAMS 0x000000009cf00000| PB 0x000000009ce00000| Untracked |  0
| 463|0x000000009cf00000, 0x000000009d000000, 0x000000009d000000|100%| O|  |TAMS 0x000000009d000000| PB 0x000000009cf00000| Untracked |  0
| 464|0x000000009d000000, 0x000000009d100000, 0x000000009d100000|100%| O|  |TAMS 0x000000009d100000| PB 0x000000009d000000| Untracked |  0
| 465|0x000000009d100000, 0x000000009d200000, 0x000000009d200000|100%| O|  |TAMS 0x000000009d200000| PB 0x000000009d100000| Untracked |  0
| 466|0x000000009d200000, 0x000000009d300000, 0x000000009d300000|100%| O|  |TAMS 0x000000009d300000| PB 0x000000009d200000| Untracked |  0
| 467|0x000000009d300000, 0x000000009d400000, 0x000000009d400000|100%| O|  |TAMS 0x000000009d400000| PB 0x000000009d300000| Untracked |  0
| 468|0x000000009d400000, 0x000000009d500000, 0x000000009d500000|100%| O|  |TAMS 0x000000009d500000| PB 0x000000009d400000| Untracked |  0
| 469|0x000000009d500000, 0x000000009d600000, 0x000000009d600000|100%| O|  |TAMS 0x000000009d600000| PB 0x000000009d500000| Untracked |  0
| 470|0x000000009d600000, 0x000000009d700000, 0x000000009d700000|100%| O|  |TAMS 0x000000009d700000| PB 0x000000009d600000| Untracked |  0
| 471|0x000000009d700000, 0x000000009d800000, 0x000000009d800000|100%| O|  |TAMS 0x000000009d800000| PB 0x000000009d700000| Untracked |  0
| 472|0x000000009d800000, 0x000000009d900000, 0x000000009d900000|100%| O|  |TAMS 0x000000009d900000| PB 0x000000009d800000| Untracked |  0
| 473|0x000000009d900000, 0x000000009da00000, 0x000000009da00000|100%| O|  |TAMS 0x000000009da00000| PB 0x000000009d900000| Untracked |  0
| 474|0x000000009da00000, 0x000000009db00000, 0x000000009db00000|100%| O|  |TAMS 0x000000009db00000| PB 0x000000009da00000| Untracked |  0
| 475|0x000000009db00000, 0x000000009dc00000, 0x000000009dc00000|100%| O|  |TAMS 0x000000009dc00000| PB 0x000000009db00000| Untracked |  0
| 476|0x000000009dc00000, 0x000000009dc00000, 0x000000009dd00000|  0%| F|  |TAMS 0x000000009dc00000| PB 0x000000009dc00000| Untracked |  0
| 477|0x000000009dd00000, 0x000000009dd00000, 0x000000009de00000|  0%| F|  |TAMS 0x000000009dd00000| PB 0x000000009dd00000| Untracked |  0
| 478|0x000000009de00000, 0x000000009de00000, 0x000000009df00000|  0%| F|  |TAMS 0x000000009de00000| PB 0x000000009de00000| Untracked |  0
| 479|0x000000009df00000, 0x000000009df00000, 0x000000009e000000|  0%| F|  |TAMS 0x000000009df00000| PB 0x000000009df00000| Untracked |  0
| 480|0x000000009e000000, 0x000000009e000000, 0x000000009e100000|  0%| F|  |TAMS 0x000000009e000000| PB 0x000000009e000000| Untracked |  0
| 481|0x000000009e100000, 0x000000009e100000, 0x000000009e200000|  0%| F|  |TAMS 0x000000009e100000| PB 0x000000009e100000| Untracked |  0
| 482|0x000000009e200000, 0x000000009e200000, 0x000000009e300000|  0%| F|  |TAMS 0x000000009e200000| PB 0x000000009e200000| Untracked |  0
| 483|0x000000009e300000, 0x000000009e300000, 0x000000009e400000|  0%| F|  |TAMS 0x000000009e300000| PB 0x000000009e300000| Untracked |  0
| 484|0x000000009e400000, 0x000000009e400000, 0x000000009e500000|  0%| F|  |TAMS 0x000000009e400000| PB 0x000000009e400000| Untracked |  0
| 485|0x000000009e500000, 0x000000009e500000, 0x000000009e600000|  0%| F|  |TAMS 0x000000009e500000| PB 0x000000009e500000| Untracked |  0
| 486|0x000000009e600000, 0x000000009e676190, 0x000000009e700000| 46%| S|CS|TAMS 0x000000009e600000| PB 0x000000009e600000| Complete |  0
| 487|0x000000009e700000, 0x000000009e800000, 0x000000009e800000|100%| S|CS|TAMS 0x000000009e700000| PB 0x000000009e700000| Complete |  0
| 488|0x000000009e800000, 0x000000009e900000, 0x000000009e900000|100%| S|CS|TAMS 0x000000009e800000| PB 0x000000009e800000| Complete |  0
| 489|0x000000009e900000, 0x000000009ea00000, 0x000000009ea00000|100%| S|CS|TAMS 0x000000009e900000| PB 0x000000009e900000| Complete |  0
| 490|0x000000009ea00000, 0x000000009eb00000, 0x000000009eb00000|100%| S|CS|TAMS 0x000000009ea00000| PB 0x000000009ea00000| Complete |  0
| 491|0x000000009eb00000, 0x000000009ec00000, 0x000000009ec00000|100%| S|CS|TAMS 0x000000009eb00000| PB 0x000000009eb00000| Complete |  0
| 492|0x000000009ec00000, 0x000000009ed00000, 0x000000009ed00000|100%| S|CS|TAMS 0x000000009ec00000| PB 0x000000009ec00000| Complete |  0
| 493|0x000000009ed00000, 0x000000009ee00000, 0x000000009ee00000|100%| S|CS|TAMS 0x000000009ed00000| PB 0x000000009ed00000| Complete |  0
| 494|0x000000009ee00000, 0x000000009ef00000, 0x000000009ef00000|100%| S|CS|TAMS 0x000000009ee00000| PB 0x000000009ee00000| Complete |  0
| 495|0x000000009ef00000, 0x000000009f000000, 0x000000009f000000|100%| S|CS|TAMS 0x000000009ef00000| PB 0x000000009ef00000| Complete |  0
| 496|0x000000009f000000, 0x000000009f100000, 0x000000009f100000|100%| S|CS|TAMS 0x000000009f000000| PB 0x000000009f000000| Complete |  0
| 497|0x000000009f100000, 0x000000009f200000, 0x000000009f200000|100%| S|CS|TAMS 0x000000009f100000| PB 0x000000009f100000| Complete |  0
| 498|0x000000009f200000, 0x000000009f300000, 0x000000009f300000|100%| S|CS|TAMS 0x000000009f200000| PB 0x000000009f200000| Complete |  0
| 499|0x000000009f300000, 0x000000009f400000, 0x000000009f400000|100%| S|CS|TAMS 0x000000009f300000| PB 0x000000009f300000| Complete |  0
| 500|0x000000009f400000, 0x000000009f500000, 0x000000009f500000|100%| S|CS|TAMS 0x000000009f400000| PB 0x000000009f400000| Complete |  0
| 501|0x000000009f500000, 0x000000009f600000, 0x000000009f600000|100%| S|CS|TAMS 0x000000009f500000| PB 0x000000009f500000| Complete |  0
| 502|0x000000009f600000, 0x000000009f700000, 0x000000009f700000|100%| S|CS|TAMS 0x000000009f600000| PB 0x000000009f600000| Complete |  0
| 503|0x000000009f700000, 0x000000009f800000, 0x000000009f800000|100%| S|CS|TAMS 0x000000009f700000| PB 0x000000009f700000| Complete |  0
| 504|0x000000009f800000, 0x000000009f900000, 0x000000009f900000|100%| S|CS|TAMS 0x000000009f800000| PB 0x000000009f800000| Complete |  0
| 505|0x000000009f900000, 0x000000009fa00000, 0x000000009fa00000|100%| S|CS|TAMS 0x000000009f900000| PB 0x000000009f900000| Complete |  0
| 506|0x000000009fa00000, 0x000000009fb00000, 0x000000009fb00000|100%| S|CS|TAMS 0x000000009fa00000| PB 0x000000009fa00000| Complete |  0
| 507|0x000000009fb00000, 0x000000009fc00000, 0x000000009fc00000|100%| S|CS|TAMS 0x000000009fb00000| PB 0x000000009fb00000| Complete |  0
| 508|0x000000009fc00000, 0x000000009fd00000, 0x000000009fd00000|100%| S|CS|TAMS 0x000000009fc00000| PB 0x000000009fc00000| Complete |  0
| 509|0x000000009fd00000, 0x000000009fe00000, 0x000000009fe00000|100%| S|CS|TAMS 0x000000009fd00000| PB 0x000000009fd00000| Complete |  0
| 510|0x000000009fe00000, 0x000000009ff00000, 0x000000009ff00000|100%| S|CS|TAMS 0x000000009fe00000| PB 0x000000009fe00000| Complete |  0
| 511|0x000000009ff00000, 0x00000000a0000000, 0x00000000a0000000|100%| S|CS|TAMS 0x000000009ff00000| PB 0x000000009ff00000| Complete |  0
| 512|0x00000000a0000000, 0x00000000a0100000, 0x00000000a0100000|100%| S|CS|TAMS 0x00000000a0000000| PB 0x00000000a0000000| Complete |  0
| 513|0x00000000a0100000, 0x00000000a0200000, 0x00000000a0200000|100%| S|CS|TAMS 0x00000000a0100000| PB 0x00000000a0100000| Complete |  0
| 514|0x00000000a0200000, 0x00000000a0300000, 0x00000000a0300000|100%| S|CS|TAMS 0x00000000a0200000| PB 0x00000000a0200000| Complete |  0
| 515|0x00000000a0300000, 0x00000000a0300000, 0x00000000a0400000|  0%| F|  |TAMS 0x00000000a0300000| PB 0x00000000a0300000| Untracked |  0
| 516|0x00000000a0400000, 0x00000000a0400000, 0x00000000a0500000|  0%| F|  |TAMS 0x00000000a0400000| PB 0x00000000a0400000| Untracked |  0
| 517|0x00000000a0500000, 0x00000000a0500000, 0x00000000a0600000|  0%| F|  |TAMS 0x00000000a0500000| PB 0x00000000a0500000| Untracked |  0
| 518|0x00000000a0600000, 0x00000000a0600000, 0x00000000a0700000|  0%| F|  |TAMS 0x00000000a0600000| PB 0x00000000a0600000| Untracked |  0
| 519|0x00000000a0700000, 0x00000000a0700000, 0x00000000a0800000|  0%| F|  |TAMS 0x00000000a0700000| PB 0x00000000a0700000| Untracked |  0
| 520|0x00000000a0800000, 0x00000000a0800000, 0x00000000a0900000|  0%| F|  |TAMS 0x00000000a0800000| PB 0x00000000a0800000| Untracked |  0
| 521|0x00000000a0900000, 0x00000000a0900000, 0x00000000a0a00000|  0%| F|  |TAMS 0x00000000a0900000| PB 0x00000000a0900000| Untracked |  0
| 522|0x00000000a0a00000, 0x00000000a0a00000, 0x00000000a0b00000|  0%| F|  |TAMS 0x00000000a0a00000| PB 0x00000000a0a00000| Untracked |  0
| 523|0x00000000a0b00000, 0x00000000a0b00000, 0x00000000a0c00000|  0%| F|  |TAMS 0x00000000a0b00000| PB 0x00000000a0b00000| Untracked |  0
| 524|0x00000000a0c00000, 0x00000000a0c00000, 0x00000000a0d00000|  0%| F|  |TAMS 0x00000000a0c00000| PB 0x00000000a0c00000| Untracked |  0
| 525|0x00000000a0d00000, 0x00000000a0d00000, 0x00000000a0e00000|  0%| F|  |TAMS 0x00000000a0d00000| PB 0x00000000a0d00000| Untracked |  0
| 526|0x00000000a0e00000, 0x00000000a0e00000, 0x00000000a0f00000|  0%| F|  |TAMS 0x00000000a0e00000| PB 0x00000000a0e00000| Untracked |  0
| 527|0x00000000a0f00000, 0x00000000a0f00000, 0x00000000a1000000|  0%| F|  |TAMS 0x00000000a0f00000| PB 0x00000000a0f00000| Untracked |  0
| 528|0x00000000a1000000, 0x00000000a1000000, 0x00000000a1100000|  0%| F|  |TAMS 0x00000000a1000000| PB 0x00000000a1000000| Untracked |  0
| 529|0x00000000a1100000, 0x00000000a1100000, 0x00000000a1200000|  0%| F|  |TAMS 0x00000000a1100000| PB 0x00000000a1100000| Untracked |  0
| 530|0x00000000a1200000, 0x00000000a1200000, 0x00000000a1300000|  0%| F|  |TAMS 0x00000000a1200000| PB 0x00000000a1200000| Untracked |  0
| 531|0x00000000a1300000, 0x00000000a1300000, 0x00000000a1400000|  0%| F|  |TAMS 0x00000000a1300000| PB 0x00000000a1300000| Untracked |  0
| 532|0x00000000a1400000, 0x00000000a1400000, 0x00000000a1500000|  0%| F|  |TAMS 0x00000000a1400000| PB 0x00000000a1400000| Untracked |  0
| 533|0x00000000a1500000, 0x00000000a1600000, 0x00000000a1600000|100%| S|CS|TAMS 0x00000000a1500000| PB 0x00000000a1500000| Complete |  0
| 534|0x00000000a1600000, 0x00000000a1600000, 0x00000000a1700000|  0%| F|  |TAMS 0x00000000a1600000| PB 0x00000000a1600000| Untracked |  0
| 535|0x00000000a1700000, 0x00000000a1700000, 0x00000000a1800000|  0%| F|  |TAMS 0x00000000a1700000| PB 0x00000000a1700000| Untracked |  0
| 536|0x00000000a1800000, 0x00000000a1800000, 0x00000000a1900000|  0%| F|  |TAMS 0x00000000a1800000| PB 0x00000000a1800000| Untracked |  0
| 537|0x00000000a1900000, 0x00000000a1900000, 0x00000000a1a00000|  0%| F|  |TAMS 0x00000000a1900000| PB 0x00000000a1900000| Untracked |  0
| 538|0x00000000a1a00000, 0x00000000a1a00000, 0x00000000a1b00000|  0%| F|  |TAMS 0x00000000a1a00000| PB 0x00000000a1a00000| Untracked |  0
| 539|0x00000000a1b00000, 0x00000000a1b00000, 0x00000000a1c00000|  0%| F|  |TAMS 0x00000000a1b00000| PB 0x00000000a1b00000| Untracked |  0
| 540|0x00000000a1c00000, 0x00000000a1c00000, 0x00000000a1d00000|  0%| F|  |TAMS 0x00000000a1c00000| PB 0x00000000a1c00000| Untracked |  0
| 541|0x00000000a1d00000, 0x00000000a1d00000, 0x00000000a1e00000|  0%| F|  |TAMS 0x00000000a1d00000| PB 0x00000000a1d00000| Untracked |  0
| 542|0x00000000a1e00000, 0x00000000a1e00000, 0x00000000a1f00000|  0%| F|  |TAMS 0x00000000a1e00000| PB 0x00000000a1e00000| Untracked |  0
| 543|0x00000000a1f00000, 0x00000000a1f00000, 0x00000000a2000000|  0%| F|  |TAMS 0x00000000a1f00000| PB 0x00000000a1f00000| Untracked |  0
| 544|0x00000000a2000000, 0x00000000a2000000, 0x00000000a2100000|  0%| F|  |TAMS 0x00000000a2000000| PB 0x00000000a2000000| Untracked |  0
| 545|0x00000000a2100000, 0x00000000a2100000, 0x00000000a2200000|  0%| F|  |TAMS 0x00000000a2100000| PB 0x00000000a2100000| Untracked |  0
| 546|0x00000000a2200000, 0x00000000a2200000, 0x00000000a2300000|  0%| F|  |TAMS 0x00000000a2200000| PB 0x00000000a2200000| Untracked |  0
| 547|0x00000000a2300000, 0x00000000a2300000, 0x00000000a2400000|  0%| F|  |TAMS 0x00000000a2300000| PB 0x00000000a2300000| Untracked |  0
| 548|0x00000000a2400000, 0x00000000a2400000, 0x00000000a2500000|  0%| F|  |TAMS 0x00000000a2400000| PB 0x00000000a2400000| Untracked |  0
| 549|0x00000000a2500000, 0x00000000a2500000, 0x00000000a2600000|  0%| F|  |TAMS 0x00000000a2500000| PB 0x00000000a2500000| Untracked |  0
| 550|0x00000000a2600000, 0x00000000a2600000, 0x00000000a2700000|  0%| F|  |TAMS 0x00000000a2600000| PB 0x00000000a2600000| Untracked |  0
| 551|0x00000000a2700000, 0x00000000a2700000, 0x00000000a2800000|  0%| F|  |TAMS 0x00000000a2700000| PB 0x00000000a2700000| Untracked |  0
| 552|0x00000000a2800000, 0x00000000a2800000, 0x00000000a2900000|  0%| F|  |TAMS 0x00000000a2800000| PB 0x00000000a2800000| Untracked |  0
| 553|0x00000000a2900000, 0x00000000a2900000, 0x00000000a2a00000|  0%| F|  |TAMS 0x00000000a2900000| PB 0x00000000a2900000| Untracked |  0
| 554|0x00000000a2a00000, 0x00000000a2a00000, 0x00000000a2b00000|  0%| F|  |TAMS 0x00000000a2a00000| PB 0x00000000a2a00000| Untracked |  0
| 555|0x00000000a2b00000, 0x00000000a2b00000, 0x00000000a2c00000|  0%| F|  |TAMS 0x00000000a2b00000| PB 0x00000000a2b00000| Untracked |  0
| 556|0x00000000a2c00000, 0x00000000a2c00000, 0x00000000a2d00000|  0%| F|  |TAMS 0x00000000a2c00000| PB 0x00000000a2c00000| Untracked |  0
| 557|0x00000000a2d00000, 0x00000000a2d00000, 0x00000000a2e00000|  0%| F|  |TAMS 0x00000000a2d00000| PB 0x00000000a2d00000| Untracked |  0
| 558|0x00000000a2e00000, 0x00000000a2e00000, 0x00000000a2f00000|  0%| F|  |TAMS 0x00000000a2e00000| PB 0x00000000a2e00000| Untracked |  0
| 559|0x00000000a2f00000, 0x00000000a2f00000, 0x00000000a3000000|  0%| F|  |TAMS 0x00000000a2f00000| PB 0x00000000a2f00000| Untracked |  0
| 560|0x00000000a3000000, 0x00000000a3000000, 0x00000000a3100000|  0%| F|  |TAMS 0x00000000a3000000| PB 0x00000000a3000000| Untracked |  0
| 561|0x00000000a3100000, 0x00000000a3100000, 0x00000000a3200000|  0%| F|  |TAMS 0x00000000a3100000| PB 0x00000000a3100000| Untracked |  0
| 562|0x00000000a3200000, 0x00000000a3200000, 0x00000000a3300000|  0%| F|  |TAMS 0x00000000a3200000| PB 0x00000000a3200000| Untracked |  0
| 563|0x00000000a3300000, 0x00000000a3300000, 0x00000000a3400000|  0%| F|  |TAMS 0x00000000a3300000| PB 0x00000000a3300000| Untracked |  0
| 564|0x00000000a3400000, 0x00000000a3400000, 0x00000000a3500000|  0%| F|  |TAMS 0x00000000a3400000| PB 0x00000000a3400000| Untracked |  0
| 565|0x00000000a3500000, 0x00000000a3500000, 0x00000000a3600000|  0%| F|  |TAMS 0x00000000a3500000| PB 0x00000000a3500000| Untracked |  0
| 566|0x00000000a3600000, 0x00000000a3600000, 0x00000000a3700000|  0%| F|  |TAMS 0x00000000a3600000| PB 0x00000000a3600000| Untracked |  0
| 567|0x00000000a3700000, 0x00000000a3700000, 0x00000000a3800000|  0%| F|  |TAMS 0x00000000a3700000| PB 0x00000000a3700000| Untracked |  0
| 568|0x00000000a3800000, 0x00000000a3800000, 0x00000000a3900000|  0%| F|  |TAMS 0x00000000a3800000| PB 0x00000000a3800000| Untracked |  0
| 569|0x00000000a3900000, 0x00000000a3900000, 0x00000000a3a00000|  0%| F|  |TAMS 0x00000000a3900000| PB 0x00000000a3900000| Untracked |  0
| 570|0x00000000a3a00000, 0x00000000a3a00000, 0x00000000a3b00000|  0%| F|  |TAMS 0x00000000a3a00000| PB 0x00000000a3a00000| Untracked |  0
| 571|0x00000000a3b00000, 0x00000000a3b00000, 0x00000000a3c00000|  0%| F|  |TAMS 0x00000000a3b00000| PB 0x00000000a3b00000| Untracked |  0
| 572|0x00000000a3c00000, 0x00000000a3c00000, 0x00000000a3d00000|  0%| F|  |TAMS 0x00000000a3c00000| PB 0x00000000a3c00000| Untracked |  0
| 573|0x00000000a3d00000, 0x00000000a3d00000, 0x00000000a3e00000|  0%| F|  |TAMS 0x00000000a3d00000| PB 0x00000000a3d00000| Untracked |  0
| 574|0x00000000a3e00000, 0x00000000a3e00000, 0x00000000a3f00000|  0%| F|  |TAMS 0x00000000a3e00000| PB 0x00000000a3e00000| Untracked |  0
| 575|0x00000000a3f00000, 0x00000000a3f00000, 0x00000000a4000000|  0%| F|  |TAMS 0x00000000a3f00000| PB 0x00000000a3f00000| Untracked |  0
| 576|0x00000000a4000000, 0x00000000a4000000, 0x00000000a4100000|  0%| F|  |TAMS 0x00000000a4000000| PB 0x00000000a4000000| Untracked |  0
| 577|0x00000000a4100000, 0x00000000a4100000, 0x00000000a4200000|  0%| F|  |TAMS 0x00000000a4100000| PB 0x00000000a4100000| Untracked |  0
| 578|0x00000000a4200000, 0x00000000a4200000, 0x00000000a4300000|  0%| F|  |TAMS 0x00000000a4200000| PB 0x00000000a4200000| Untracked |  0
| 579|0x00000000a4300000, 0x00000000a4300000, 0x00000000a4400000|  0%| F|  |TAMS 0x00000000a4300000| PB 0x00000000a4300000| Untracked |  0
| 580|0x00000000a4400000, 0x00000000a4400000, 0x00000000a4500000|  0%| F|  |TAMS 0x00000000a4400000| PB 0x00000000a4400000| Untracked |  0
| 581|0x00000000a4500000, 0x00000000a4500000, 0x00000000a4600000|  0%| F|  |TAMS 0x00000000a4500000| PB 0x00000000a4500000| Untracked |  0
| 582|0x00000000a4600000, 0x00000000a4600000, 0x00000000a4700000|  0%| F|  |TAMS 0x00000000a4600000| PB 0x00000000a4600000| Untracked |  0
| 583|0x00000000a4700000, 0x00000000a4700000, 0x00000000a4800000|  0%| F|  |TAMS 0x00000000a4700000| PB 0x00000000a4700000| Untracked |  0
| 584|0x00000000a4800000, 0x00000000a4800000, 0x00000000a4900000|  0%| F|  |TAMS 0x00000000a4800000| PB 0x00000000a4800000| Untracked |  0
| 585|0x00000000a4900000, 0x00000000a4900000, 0x00000000a4a00000|  0%| F|  |TAMS 0x00000000a4900000| PB 0x00000000a4900000| Untracked |  0
| 586|0x00000000a4a00000, 0x00000000a4a00000, 0x00000000a4b00000|  0%| F|  |TAMS 0x00000000a4a00000| PB 0x00000000a4a00000| Untracked |  0
| 587|0x00000000a4b00000, 0x00000000a4b00000, 0x00000000a4c00000|  0%| F|  |TAMS 0x00000000a4b00000| PB 0x00000000a4b00000| Untracked |  0
| 588|0x00000000a4c00000, 0x00000000a4c00000, 0x00000000a4d00000|  0%| F|  |TAMS 0x00000000a4c00000| PB 0x00000000a4c00000| Untracked |  0
| 589|0x00000000a4d00000, 0x00000000a4d00000, 0x00000000a4e00000|  0%| F|  |TAMS 0x00000000a4d00000| PB 0x00000000a4d00000| Untracked |  0
| 590|0x00000000a4e00000, 0x00000000a4e00000, 0x00000000a4f00000|  0%| F|  |TAMS 0x00000000a4e00000| PB 0x00000000a4e00000| Untracked |  0
| 591|0x00000000a4f00000, 0x00000000a4f00000, 0x00000000a5000000|  0%| F|  |TAMS 0x00000000a4f00000| PB 0x00000000a4f00000| Untracked |  0
| 592|0x00000000a5000000, 0x00000000a5000000, 0x00000000a5100000|  0%| F|  |TAMS 0x00000000a5000000| PB 0x00000000a5000000| Untracked |  0
| 593|0x00000000a5100000, 0x00000000a5100000, 0x00000000a5200000|  0%| F|  |TAMS 0x00000000a5100000| PB 0x00000000a5100000| Untracked |  0
| 594|0x00000000a5200000, 0x00000000a5200000, 0x00000000a5300000|  0%| F|  |TAMS 0x00000000a5200000| PB 0x00000000a5200000| Untracked |  0
| 595|0x00000000a5300000, 0x00000000a5300000, 0x00000000a5400000|  0%| F|  |TAMS 0x00000000a5300000| PB 0x00000000a5300000| Untracked |  0
| 596|0x00000000a5400000, 0x00000000a5400000, 0x00000000a5500000|  0%| F|  |TAMS 0x00000000a5400000| PB 0x00000000a5400000| Untracked |  0
| 597|0x00000000a5500000, 0x00000000a5500000, 0x00000000a5600000|  0%| F|  |TAMS 0x00000000a5500000| PB 0x00000000a5500000| Untracked |  0
| 598|0x00000000a5600000, 0x00000000a5600000, 0x00000000a5700000|  0%| F|  |TAMS 0x00000000a5600000| PB 0x00000000a5600000| Untracked |  0
| 599|0x00000000a5700000, 0x00000000a5700000, 0x00000000a5800000|  0%| F|  |TAMS 0x00000000a5700000| PB 0x00000000a5700000| Untracked |  0
| 600|0x00000000a5800000, 0x00000000a5800000, 0x00000000a5900000|  0%| F|  |TAMS 0x00000000a5800000| PB 0x00000000a5800000| Untracked |  0
| 601|0x00000000a5900000, 0x00000000a5900000, 0x00000000a5a00000|  0%| F|  |TAMS 0x00000000a5900000| PB 0x00000000a5900000| Untracked |  0
| 602|0x00000000a5a00000, 0x00000000a5a00000, 0x00000000a5b00000|  0%| F|  |TAMS 0x00000000a5a00000| PB 0x00000000a5a00000| Untracked |  0
| 603|0x00000000a5b00000, 0x00000000a5b00000, 0x00000000a5c00000|  0%| F|  |TAMS 0x00000000a5b00000| PB 0x00000000a5b00000| Untracked |  0
| 604|0x00000000a5c00000, 0x00000000a5c00000, 0x00000000a5d00000|  0%| F|  |TAMS 0x00000000a5c00000| PB 0x00000000a5c00000| Untracked |  0
| 605|0x00000000a5d00000, 0x00000000a5d00000, 0x00000000a5e00000|  0%| F|  |TAMS 0x00000000a5d00000| PB 0x00000000a5d00000| Untracked |  0
| 606|0x00000000a5e00000, 0x00000000a5e00000, 0x00000000a5f00000|  0%| F|  |TAMS 0x00000000a5e00000| PB 0x00000000a5e00000| Untracked |  0
| 607|0x00000000a5f00000, 0x00000000a5f00000, 0x00000000a6000000|  0%| F|  |TAMS 0x00000000a5f00000| PB 0x00000000a5f00000| Untracked |  0
| 608|0x00000000a6000000, 0x00000000a6000000, 0x00000000a6100000|  0%| F|  |TAMS 0x00000000a6000000| PB 0x00000000a6000000| Untracked |  0
| 609|0x00000000a6100000, 0x00000000a6100000, 0x00000000a6200000|  0%| F|  |TAMS 0x00000000a6100000| PB 0x00000000a6100000| Untracked |  0
| 610|0x00000000a6200000, 0x00000000a6200000, 0x00000000a6300000|  0%| F|  |TAMS 0x00000000a6200000| PB 0x00000000a6200000| Untracked |  0
| 611|0x00000000a6300000, 0x00000000a6300000, 0x00000000a6400000|  0%| F|  |TAMS 0x00000000a6300000| PB 0x00000000a6300000| Untracked |  0
| 612|0x00000000a6400000, 0x00000000a6400000, 0x00000000a6500000|  0%| F|  |TAMS 0x00000000a6400000| PB 0x00000000a6400000| Untracked |  0
| 613|0x00000000a6500000, 0x00000000a6500000, 0x00000000a6600000|  0%| F|  |TAMS 0x00000000a6500000| PB 0x00000000a6500000| Untracked |  0
| 614|0x00000000a6600000, 0x00000000a6600000, 0x00000000a6700000|  0%| F|  |TAMS 0x00000000a6600000| PB 0x00000000a6600000| Untracked |  0
| 615|0x00000000a6700000, 0x00000000a6700000, 0x00000000a6800000|  0%| F|  |TAMS 0x00000000a6700000| PB 0x00000000a6700000| Untracked |  0
| 616|0x00000000a6800000, 0x00000000a6800000, 0x00000000a6900000|  0%| F|  |TAMS 0x00000000a6800000| PB 0x00000000a6800000| Untracked |  0
| 617|0x00000000a6900000, 0x00000000a6900000, 0x00000000a6a00000|  0%| F|  |TAMS 0x00000000a6900000| PB 0x00000000a6900000| Untracked |  0
| 618|0x00000000a6a00000, 0x00000000a6a00000, 0x00000000a6b00000|  0%| F|  |TAMS 0x00000000a6a00000| PB 0x00000000a6a00000| Untracked |  0
| 619|0x00000000a6b00000, 0x00000000a6b00000, 0x00000000a6c00000|  0%| F|  |TAMS 0x00000000a6b00000| PB 0x00000000a6b00000| Untracked |  0
| 620|0x00000000a6c00000, 0x00000000a6c00000, 0x00000000a6d00000|  0%| F|  |TAMS 0x00000000a6c00000| PB 0x00000000a6c00000| Untracked |  0
| 621|0x00000000a6d00000, 0x00000000a6d00000, 0x00000000a6e00000|  0%| F|  |TAMS 0x00000000a6d00000| PB 0x00000000a6d00000| Untracked |  0
| 622|0x00000000a6e00000, 0x00000000a6e00000, 0x00000000a6f00000|  0%| F|  |TAMS 0x00000000a6e00000| PB 0x00000000a6e00000| Untracked |  0
| 623|0x00000000a6f00000, 0x00000000a6f00000, 0x00000000a7000000|  0%| F|  |TAMS 0x00000000a6f00000| PB 0x00000000a6f00000| Untracked |  0
| 624|0x00000000a7000000, 0x00000000a7000000, 0x00000000a7100000|  0%| F|  |TAMS 0x00000000a7000000| PB 0x00000000a7000000| Untracked |  0
| 625|0x00000000a7100000, 0x00000000a7100000, 0x00000000a7200000|  0%| F|  |TAMS 0x00000000a7100000| PB 0x00000000a7100000| Untracked |  0
| 626|0x00000000a7200000, 0x00000000a7200000, 0x00000000a7300000|  0%| F|  |TAMS 0x00000000a7200000| PB 0x00000000a7200000| Untracked |  0
| 627|0x00000000a7300000, 0x00000000a7300000, 0x00000000a7400000|  0%| F|  |TAMS 0x00000000a7300000| PB 0x00000000a7300000| Untracked |  0
| 628|0x00000000a7400000, 0x00000000a7400000, 0x00000000a7500000|  0%| F|  |TAMS 0x00000000a7400000| PB 0x00000000a7400000| Untracked |  0
| 629|0x00000000a7500000, 0x00000000a7500000, 0x00000000a7600000|  0%| F|  |TAMS 0x00000000a7500000| PB 0x00000000a7500000| Untracked |  0
| 630|0x00000000a7600000, 0x00000000a7600000, 0x00000000a7700000|  0%| F|  |TAMS 0x00000000a7600000| PB 0x00000000a7600000| Untracked |  0
| 631|0x00000000a7700000, 0x00000000a7700000, 0x00000000a7800000|  0%| F|  |TAMS 0x00000000a7700000| PB 0x00000000a7700000| Untracked |  0
| 632|0x00000000a7800000, 0x00000000a7800000, 0x00000000a7900000|  0%| F|  |TAMS 0x00000000a7800000| PB 0x00000000a7800000| Untracked |  0
| 633|0x00000000a7900000, 0x00000000a7900000, 0x00000000a7a00000|  0%| F|  |TAMS 0x00000000a7900000| PB 0x00000000a7900000| Untracked |  0
| 634|0x00000000a7a00000, 0x00000000a7a00000, 0x00000000a7b00000|  0%| F|  |TAMS 0x00000000a7a00000| PB 0x00000000a7a00000| Untracked |  0
| 635|0x00000000a7b00000, 0x00000000a7b00000, 0x00000000a7c00000|  0%| F|  |TAMS 0x00000000a7b00000| PB 0x00000000a7b00000| Untracked |  0
| 636|0x00000000a7c00000, 0x00000000a7c00000, 0x00000000a7d00000|  0%| F|  |TAMS 0x00000000a7c00000| PB 0x00000000a7c00000| Untracked |  0
| 637|0x00000000a7d00000, 0x00000000a7d00000, 0x00000000a7e00000|  0%| F|  |TAMS 0x00000000a7d00000| PB 0x00000000a7d00000| Untracked |  0
| 638|0x00000000a7e00000, 0x00000000a7e00000, 0x00000000a7f00000|  0%| F|  |TAMS 0x00000000a7e00000| PB 0x00000000a7e00000| Untracked |  0
| 639|0x00000000a7f00000, 0x00000000a7f00000, 0x00000000a8000000|  0%| F|  |TAMS 0x00000000a7f00000| PB 0x00000000a7f00000| Untracked |  0
| 640|0x00000000a8000000, 0x00000000a8000000, 0x00000000a8100000|  0%| F|  |TAMS 0x00000000a8000000| PB 0x00000000a8000000| Untracked |  0
| 641|0x00000000a8100000, 0x00000000a8100000, 0x00000000a8200000|  0%| F|  |TAMS 0x00000000a8100000| PB 0x00000000a8100000| Untracked |  0
| 642|0x00000000a8200000, 0x00000000a8200000, 0x00000000a8300000|  0%| F|  |TAMS 0x00000000a8200000| PB 0x00000000a8200000| Untracked |  0
| 643|0x00000000a8300000, 0x00000000a8300000, 0x00000000a8400000|  0%| F|  |TAMS 0x00000000a8300000| PB 0x00000000a8300000| Untracked |  0
| 644|0x00000000a8400000, 0x00000000a8400000, 0x00000000a8500000|  0%| F|  |TAMS 0x00000000a8400000| PB 0x00000000a8400000| Untracked |  0
| 645|0x00000000a8500000, 0x00000000a8500000, 0x00000000a8600000|  0%| F|  |TAMS 0x00000000a8500000| PB 0x00000000a8500000| Untracked |  0
| 646|0x00000000a8600000, 0x00000000a8600000, 0x00000000a8700000|  0%| F|  |TAMS 0x00000000a8600000| PB 0x00000000a8600000| Untracked |  0
| 647|0x00000000a8700000, 0x00000000a8700000, 0x00000000a8800000|  0%| F|  |TAMS 0x00000000a8700000| PB 0x00000000a8700000| Untracked |  0
| 648|0x00000000a8800000, 0x00000000a8800000, 0x00000000a8900000|  0%| F|  |TAMS 0x00000000a8800000| PB 0x00000000a8800000| Untracked |  0
| 649|0x00000000a8900000, 0x00000000a8900000, 0x00000000a8a00000|  0%| F|  |TAMS 0x00000000a8900000| PB 0x00000000a8900000| Untracked |  0
| 650|0x00000000a8a00000, 0x00000000a8a00000, 0x00000000a8b00000|  0%| F|  |TAMS 0x00000000a8a00000| PB 0x00000000a8a00000| Untracked |  0
| 651|0x00000000a8b00000, 0x00000000a8b00000, 0x00000000a8c00000|  0%| F|  |TAMS 0x00000000a8b00000| PB 0x00000000a8b00000| Untracked |  0
| 652|0x00000000a8c00000, 0x00000000a8c00000, 0x00000000a8d00000|  0%| F|  |TAMS 0x00000000a8c00000| PB 0x00000000a8c00000| Untracked |  0
| 653|0x00000000a8d00000, 0x00000000a8d00000, 0x00000000a8e00000|  0%| F|  |TAMS 0x00000000a8d00000| PB 0x00000000a8d00000| Untracked |  0
| 654|0x00000000a8e00000, 0x00000000a8e00000, 0x00000000a8f00000|  0%| F|  |TAMS 0x00000000a8e00000| PB 0x00000000a8e00000| Untracked |  0
| 655|0x00000000a8f00000, 0x00000000a8f00000, 0x00000000a9000000|  0%| F|  |TAMS 0x00000000a8f00000| PB 0x00000000a8f00000| Untracked |  0
| 656|0x00000000a9000000, 0x00000000a9000000, 0x00000000a9100000|  0%| F|  |TAMS 0x00000000a9000000| PB 0x00000000a9000000| Untracked |  0
| 657|0x00000000a9100000, 0x00000000a9100000, 0x00000000a9200000|  0%| F|  |TAMS 0x00000000a9100000| PB 0x00000000a9100000| Untracked |  0
| 658|0x00000000a9200000, 0x00000000a9200000, 0x00000000a9300000|  0%| F|  |TAMS 0x00000000a9200000| PB 0x00000000a9200000| Untracked |  0
| 659|0x00000000a9300000, 0x00000000a9300000, 0x00000000a9400000|  0%| F|  |TAMS 0x00000000a9300000| PB 0x00000000a9300000| Untracked |  0
| 660|0x00000000a9400000, 0x00000000a9400000, 0x00000000a9500000|  0%| F|  |TAMS 0x00000000a9400000| PB 0x00000000a9400000| Untracked |  0
| 661|0x00000000a9500000, 0x00000000a9500000, 0x00000000a9600000|  0%| F|  |TAMS 0x00000000a9500000| PB 0x00000000a9500000| Untracked |  0
| 662|0x00000000a9600000, 0x00000000a9600000, 0x00000000a9700000|  0%| F|  |TAMS 0x00000000a9600000| PB 0x00000000a9600000| Untracked |  0
| 663|0x00000000a9700000, 0x00000000a9700000, 0x00000000a9800000|  0%| F|  |TAMS 0x00000000a9700000| PB 0x00000000a9700000| Untracked |  0
| 664|0x00000000a9800000, 0x00000000a9800000, 0x00000000a9900000|  0%| F|  |TAMS 0x00000000a9800000| PB 0x00000000a9800000| Untracked |  0
| 665|0x00000000a9900000, 0x00000000a9900000, 0x00000000a9a00000|  0%| F|  |TAMS 0x00000000a9900000| PB 0x00000000a9900000| Untracked |  0
| 666|0x00000000a9a00000, 0x00000000a9a00000, 0x00000000a9b00000|  0%| F|  |TAMS 0x00000000a9a00000| PB 0x00000000a9a00000| Untracked |  0
| 667|0x00000000a9b00000, 0x00000000a9b00000, 0x00000000a9c00000|  0%| F|  |TAMS 0x00000000a9b00000| PB 0x00000000a9b00000| Untracked |  0
| 668|0x00000000a9c00000, 0x00000000a9c00000, 0x00000000a9d00000|  0%| F|  |TAMS 0x00000000a9c00000| PB 0x00000000a9c00000| Untracked |  0
| 669|0x00000000a9d00000, 0x00000000a9d00000, 0x00000000a9e00000|  0%| F|  |TAMS 0x00000000a9d00000| PB 0x00000000a9d00000| Untracked |  0
| 670|0x00000000a9e00000, 0x00000000a9e00000, 0x00000000a9f00000|  0%| F|  |TAMS 0x00000000a9e00000| PB 0x00000000a9e00000| Untracked |  0
| 671|0x00000000a9f00000, 0x00000000a9f00000, 0x00000000aa000000|  0%| F|  |TAMS 0x00000000a9f00000| PB 0x00000000a9f00000| Untracked |  0
| 672|0x00000000aa000000, 0x00000000aa000000, 0x00000000aa100000|  0%| F|  |TAMS 0x00000000aa000000| PB 0x00000000aa000000| Untracked |  0
| 673|0x00000000aa100000, 0x00000000aa100000, 0x00000000aa200000|  0%| F|  |TAMS 0x00000000aa100000| PB 0x00000000aa100000| Untracked |  0
| 674|0x00000000aa200000, 0x00000000aa200000, 0x00000000aa300000|  0%| F|  |TAMS 0x00000000aa200000| PB 0x00000000aa200000| Untracked |  0
| 675|0x00000000aa300000, 0x00000000aa300000, 0x00000000aa400000|  0%| F|  |TAMS 0x00000000aa300000| PB 0x00000000aa300000| Untracked |  0
| 676|0x00000000aa400000, 0x00000000aa400000, 0x00000000aa500000|  0%| F|  |TAMS 0x00000000aa400000| PB 0x00000000aa400000| Untracked |  0
| 677|0x00000000aa500000, 0x00000000aa500000, 0x00000000aa600000|  0%| F|  |TAMS 0x00000000aa500000| PB 0x00000000aa500000| Untracked |  0
| 678|0x00000000aa600000, 0x00000000aa600000, 0x00000000aa700000|  0%| F|  |TAMS 0x00000000aa600000| PB 0x00000000aa600000| Untracked |  0
| 679|0x00000000aa700000, 0x00000000aa700000, 0x00000000aa800000|  0%| F|  |TAMS 0x00000000aa700000| PB 0x00000000aa700000| Untracked |  0
| 680|0x00000000aa800000, 0x00000000aa800000, 0x00000000aa900000|  0%| F|  |TAMS 0x00000000aa800000| PB 0x00000000aa800000| Untracked |  0
| 681|0x00000000aa900000, 0x00000000aa900000, 0x00000000aaa00000|  0%| F|  |TAMS 0x00000000aa900000| PB 0x00000000aa900000| Untracked |  0
| 682|0x00000000aaa00000, 0x00000000aaa00000, 0x00000000aab00000|  0%| F|  |TAMS 0x00000000aaa00000| PB 0x00000000aaa00000| Untracked |  0
| 683|0x00000000aab00000, 0x00000000aab00000, 0x00000000aac00000|  0%| F|  |TAMS 0x00000000aab00000| PB 0x00000000aab00000| Untracked |  0
| 684|0x00000000aac00000, 0x00000000aac00000, 0x00000000aad00000|  0%| F|  |TAMS 0x00000000aac00000| PB 0x00000000aac00000| Untracked |  0
| 685|0x00000000aad00000, 0x00000000aad00000, 0x00000000aae00000|  0%| F|  |TAMS 0x00000000aad00000| PB 0x00000000aad00000| Untracked |  0
| 686|0x00000000aae00000, 0x00000000aae00000, 0x00000000aaf00000|  0%| F|  |TAMS 0x00000000aae00000| PB 0x00000000aae00000| Untracked |  0
| 687|0x00000000aaf00000, 0x00000000aaf00000, 0x00000000ab000000|  0%| F|  |TAMS 0x00000000aaf00000| PB 0x00000000aaf00000| Untracked |  0
| 688|0x00000000ab000000, 0x00000000ab000000, 0x00000000ab100000|  0%| F|  |TAMS 0x00000000ab000000| PB 0x00000000ab000000| Untracked |  0
| 689|0x00000000ab100000, 0x00000000ab100000, 0x00000000ab200000|  0%| F|  |TAMS 0x00000000ab100000| PB 0x00000000ab100000| Untracked |  0
| 690|0x00000000ab200000, 0x00000000ab200000, 0x00000000ab300000|  0%| F|  |TAMS 0x00000000ab200000| PB 0x00000000ab200000| Untracked |  0
| 691|0x00000000ab300000, 0x00000000ab300000, 0x00000000ab400000|  0%| F|  |TAMS 0x00000000ab300000| PB 0x00000000ab300000| Untracked |  0
| 692|0x00000000ab400000, 0x00000000ab400000, 0x00000000ab500000|  0%| F|  |TAMS 0x00000000ab400000| PB 0x00000000ab400000| Untracked |  0
| 693|0x00000000ab500000, 0x00000000ab500000, 0x00000000ab600000|  0%| F|  |TAMS 0x00000000ab500000| PB 0x00000000ab500000| Untracked |  0
| 694|0x00000000ab600000, 0x00000000ab600000, 0x00000000ab700000|  0%| F|  |TAMS 0x00000000ab600000| PB 0x00000000ab600000| Untracked |  0
| 695|0x00000000ab700000, 0x00000000ab700000, 0x00000000ab800000|  0%| F|  |TAMS 0x00000000ab700000| PB 0x00000000ab700000| Untracked |  0
| 696|0x00000000ab800000, 0x00000000ab800000, 0x00000000ab900000|  0%| F|  |TAMS 0x00000000ab800000| PB 0x00000000ab800000| Untracked |  0
| 697|0x00000000ab900000, 0x00000000ab900000, 0x00000000aba00000|  0%| F|  |TAMS 0x00000000ab900000| PB 0x00000000ab900000| Untracked |  0
| 698|0x00000000aba00000, 0x00000000aba00000, 0x00000000abb00000|  0%| F|  |TAMS 0x00000000aba00000| PB 0x00000000aba00000| Untracked |  0
| 699|0x00000000abb00000, 0x00000000abb00000, 0x00000000abc00000|  0%| F|  |TAMS 0x00000000abb00000| PB 0x00000000abb00000| Untracked |  0
| 700|0x00000000abc00000, 0x00000000abc00000, 0x00000000abd00000|  0%| F|  |TAMS 0x00000000abc00000| PB 0x00000000abc00000| Untracked |  0
| 701|0x00000000abd00000, 0x00000000abd00000, 0x00000000abe00000|  0%| F|  |TAMS 0x00000000abd00000| PB 0x00000000abd00000| Untracked |  0
| 702|0x00000000abe00000, 0x00000000abe00000, 0x00000000abf00000|  0%| F|  |TAMS 0x00000000abe00000| PB 0x00000000abe00000| Untracked |  0
| 703|0x00000000abf00000, 0x00000000abf00000, 0x00000000ac000000|  0%| F|  |TAMS 0x00000000abf00000| PB 0x00000000abf00000| Untracked |  0
| 704|0x00000000ac000000, 0x00000000ac000000, 0x00000000ac100000|  0%| F|  |TAMS 0x00000000ac000000| PB 0x00000000ac000000| Untracked |  0
| 705|0x00000000ac100000, 0x00000000ac100000, 0x00000000ac200000|  0%| F|  |TAMS 0x00000000ac100000| PB 0x00000000ac100000| Untracked |  0
| 706|0x00000000ac200000, 0x00000000ac200000, 0x00000000ac300000|  0%| F|  |TAMS 0x00000000ac200000| PB 0x00000000ac200000| Untracked |  0
| 707|0x00000000ac300000, 0x00000000ac300000, 0x00000000ac400000|  0%| F|  |TAMS 0x00000000ac300000| PB 0x00000000ac300000| Untracked |  0
| 708|0x00000000ac400000, 0x00000000ac400000, 0x00000000ac500000|  0%| F|  |TAMS 0x00000000ac400000| PB 0x00000000ac400000| Untracked |  0
| 709|0x00000000ac500000, 0x00000000ac500000, 0x00000000ac600000|  0%| F|  |TAMS 0x00000000ac500000| PB 0x00000000ac500000| Untracked |  0
| 710|0x00000000ac600000, 0x00000000ac600000, 0x00000000ac700000|  0%| F|  |TAMS 0x00000000ac600000| PB 0x00000000ac600000| Untracked |  0
| 711|0x00000000ac700000, 0x00000000ac700000, 0x00000000ac800000|  0%| F|  |TAMS 0x00000000ac700000| PB 0x00000000ac700000| Untracked |  0
| 712|0x00000000ac800000, 0x00000000ac800000, 0x00000000ac900000|  0%| F|  |TAMS 0x00000000ac800000| PB 0x00000000ac800000| Untracked |  0
| 713|0x00000000ac900000, 0x00000000ac900000, 0x00000000aca00000|  0%| F|  |TAMS 0x00000000ac900000| PB 0x00000000ac900000| Untracked |  0
| 714|0x00000000aca00000, 0x00000000aca00000, 0x00000000acb00000|  0%| F|  |TAMS 0x00000000aca00000| PB 0x00000000aca00000| Untracked |  0
| 715|0x00000000acb00000, 0x00000000acb00000, 0x00000000acc00000|  0%| F|  |TAMS 0x00000000acb00000| PB 0x00000000acb00000| Untracked |  0
| 716|0x00000000acc00000, 0x00000000acc00000, 0x00000000acd00000|  0%| F|  |TAMS 0x00000000acc00000| PB 0x00000000acc00000| Untracked |  0
| 717|0x00000000acd00000, 0x00000000acd00000, 0x00000000ace00000|  0%| F|  |TAMS 0x00000000acd00000| PB 0x00000000acd00000| Untracked |  0
| 718|0x00000000ace00000, 0x00000000ace00000, 0x00000000acf00000|  0%| F|  |TAMS 0x00000000ace00000| PB 0x00000000ace00000| Untracked |  0
| 719|0x00000000acf00000, 0x00000000acf017a8, 0x00000000ad000000|  0%| E|  |TAMS 0x00000000acf00000| PB 0x00000000acf00000| Complete |  0
| 720|0x00000000ad000000, 0x00000000ad100000, 0x00000000ad100000|100%| E|CS|TAMS 0x00000000ad000000| PB 0x00000000ad000000| Complete |  0
| 721|0x00000000ad100000, 0x00000000ad200000, 0x00000000ad200000|100%| E|CS|TAMS 0x00000000ad100000| PB 0x00000000ad100000| Complete |  0
| 722|0x00000000ad200000, 0x00000000ad300000, 0x00000000ad300000|100%| E|CS|TAMS 0x00000000ad200000| PB 0x00000000ad200000| Complete |  0
| 723|0x00000000ad300000, 0x00000000ad400000, 0x00000000ad400000|100%| E|CS|TAMS 0x00000000ad300000| PB 0x00000000ad300000| Complete |  0
| 724|0x00000000ad400000, 0x00000000ad500000, 0x00000000ad500000|100%| E|CS|TAMS 0x00000000ad400000| PB 0x00000000ad400000| Complete |  0
| 725|0x00000000ad500000, 0x00000000ad600000, 0x00000000ad600000|100%| E|CS|TAMS 0x00000000ad500000| PB 0x00000000ad500000| Complete |  0
| 726|0x00000000ad600000, 0x00000000ad700000, 0x00000000ad700000|100%| E|CS|TAMS 0x00000000ad600000| PB 0x00000000ad600000| Complete |  0
| 727|0x00000000ad700000, 0x00000000ad800000, 0x00000000ad800000|100%| E|CS|TAMS 0x00000000ad700000| PB 0x00000000ad700000| Complete |  0
| 728|0x00000000ad800000, 0x00000000ad900000, 0x00000000ad900000|100%| E|CS|TAMS 0x00000000ad800000| PB 0x00000000ad800000| Complete |  0
| 729|0x00000000ad900000, 0x00000000ada00000, 0x00000000ada00000|100%| E|CS|TAMS 0x00000000ad900000| PB 0x00000000ad900000| Complete |  0
| 730|0x00000000ada00000, 0x00000000adb00000, 0x00000000adb00000|100%| E|CS|TAMS 0x00000000ada00000| PB 0x00000000ada00000| Complete |  0
|2037|0x00000000ff500000, 0x00000000ff600000, 0x00000000ff600000|100%| E|CS|TAMS 0x00000000ff500000| PB 0x00000000ff500000| Complete |  0
|2038|0x00000000ff600000, 0x00000000ff700000, 0x00000000ff700000|100%| E|CS|TAMS 0x00000000ff600000| PB 0x00000000ff600000| Complete |  0
|2039|0x00000000ff700000, 0x00000000ff800000, 0x00000000ff800000|100%| E|CS|TAMS 0x00000000ff700000| PB 0x00000000ff700000| Complete |  0
|2040|0x00000000ff800000, 0x00000000ff900000, 0x00000000ff900000|100%| E|CS|TAMS 0x00000000ff800000| PB 0x00000000ff800000| Complete |  0
|2041|0x00000000ff900000, 0x00000000ffa00000, 0x00000000ffa00000|100%| E|CS|TAMS 0x00000000ff900000| PB 0x00000000ff900000| Complete |  0
|2042|0x00000000ffa00000, 0x00000000ffb00000, 0x00000000ffb00000|100%| E|CS|TAMS 0x00000000ffa00000| PB 0x00000000ffa00000| Complete |  0
|2043|0x00000000ffb00000, 0x00000000ffc00000, 0x00000000ffc00000|100%| O|  |TAMS 0x00000000ffc00000| PB 0x00000000ffb00000| Untracked |  0
|2044|0x00000000ffc00000, 0x00000000ffd00000, 0x00000000ffd00000|100%| O|  |TAMS 0x00000000ffd00000| PB 0x00000000ffc00000| Untracked |  0
|2045|0x00000000ffd00000, 0x00000000ffe00000, 0x00000000ffe00000|100%| E|CS|TAMS 0x00000000ffd00000| PB 0x00000000ffd00000| Complete |  0
|2046|0x00000000ffe00000, 0x00000000fff00000, 0x00000000fff00000|100%| O|  |TAMS 0x00000000fff00000| PB 0x00000000ffe00000| Untracked |  0
|2047|0x00000000fff00000, 0x0000000100000000, 0x0000000100000000|100%| E|CS|TAMS 0x00000000fff00000| PB 0x00000000fff00000| Complete |  0

Card table byte_map: [0x0000018d3d3b0000,0x0000018d3d7b0000] _byte_map_base: 0x0000018d3cfb0000

Marking Bits: (CMBitMap*) 0x0000018d2386d1b0
 Bits: [0x0000018d3d7b0000, 0x0000018d3f7b0000)

Polling page: 0x0000018d23520000

Metaspace:

Usage:
  Non-class:    252.24 MB used.
      Class:     38.75 MB used.
       Both:    290.98 MB used.

Virtual space:
  Non-class space:      256.00 MB reserved,     254.69 MB (>99%) committed,  4 nodes.
      Class space:      416.00 MB reserved,      40.81 MB ( 10%) committed,  1 nodes.
             Both:      672.00 MB reserved,     295.50 MB ( 44%) committed. 

Chunk freelists:
   Non-Class:  992.00 KB
       Class:  7.12 MB
        Both:  8.09 MB

MaxMetaspaceSize: 512.00 MB
CompressedClassSpaceSize: 416.00 MB
Initial GC threshold: 21.00 MB
Current GC threshold: 423.44 MB
CDS: on
 - commit_granule_bytes: 65536.
 - commit_granule_words: 8192.
 - virtual_space_node_default_size: 8388608.
 - enlarge_chunks_in_place: 1.
 - use_allocation_guard: 0.


Internal statistics:

num_allocs_failed_limit: 9.
num_arena_births: 7484.
num_arena_deaths: 332.
num_vsnodes_births: 5.
num_vsnodes_deaths: 0.
num_space_committed: 4725.
num_space_uncommitted: 1.
num_chunks_returned_to_freelist: 518.
num_chunks_taken_from_freelist: 21490.
num_chunk_merges: 121.
num_chunk_splits: 14000.
num_chunks_enlarged: 8865.
num_inconsistent_stats: 0.

CodeHeap 'non-profiled nmethods': size=120000Kb used=25919Kb max_used=25919Kb free=94080Kb
 bounds [0x0000018d34e00000, 0x0000018d36750000, 0x0000018d3c330000]
CodeHeap 'profiled nmethods': size=120000Kb used=63798Kb max_used=63798Kb free=56201Kb
 bounds [0x0000018d2d330000, 0x0000018d31180000, 0x0000018d34860000]
CodeHeap 'non-nmethods': size=5760Kb used=3483Kb max_used=3549Kb free=2276Kb
 bounds [0x0000018d34860000, 0x0000018d34be0000, 0x0000018d34e00000]
 total_blobs=30771 nmethods=29342 adapters=1329
 compilation: disabled (not enough contiguous free space left)
              stopped_count=1, restarted_count=0
 full_count=1

Compilation events (20 events):
Event: 736.348 Thread 0x0000018d424d7500 58291       4       groovyjarjarantlr4.v4.runtime.atn.SemanticContext$Predicate::hashCode (47 bytes)
Event: 736.349 Thread 0x0000018d424d7500 nmethod 58291 0x0000018d36747a90 code [0x0000018d36747c00, 0x0000018d36747d30]
Event: 736.349 Thread 0x0000018d424d7500 58292       4       groovyjarjarantlr4.v4.runtime.atn.ATNConfig::hashCode (97 bytes)
Event: 736.352 Thread 0x0000018d424d7500 nmethod 58292 0x0000018d36747d90 code [0x0000018d36747f40, 0x0000018d367482a8]
Event: 736.352 Thread 0x0000018d424d7500 58382       4       groovyjarjarantlr4.v4.runtime.atn.ParserATNSimulator::closure (784 bytes)
Event: 736.353 Thread 0x0000018d77a34b70 nmethod 58277 0x0000018d36748490 code [0x0000018d367489a0, 0x0000018d3674c8d0]
Event: 736.354 Thread 0x0000018d77a34b70 58383       4       groovyjarjarantlr4.v4.runtime.atn.PredictionContext::calculateHashCode (86 bytes)
Event: 736.359 Thread 0x0000018d77a34b70 nmethod 58383 0x0000018d3674e410 code [0x0000018d3674e5a0, 0x0000018d3674e9f8]
Event: 736.359 Thread 0x0000018d77a34b70 58352       4       groovyjarjarantlr4.v4.runtime.atn.PredictionContextCache$IdentityCommutativePredictionContextOperands::equals (71 bytes)
Event: 736.360 Thread 0x0000018d77a34b70 nmethod 58352 0x0000018d3674eb90 code [0x0000018d3674ed20, 0x0000018d3674ee60]
Event: 736.360 Thread 0x0000018d77a34b70 58360       4       groovyjarjarantlr4.v4.runtime.atn.ATNConfigSet::updatePropertiesForAddedConfig (107 bytes)
Event: 736.362 Thread 0x0000018d77a34b70 nmethod 58360 0x0000018d3674ef90 code [0x0000018d3674f140, 0x0000018d3674f3f8]
Event: 736.362 Thread 0x0000018d77a34b70 58359       4       groovyjarjarantlr4.v4.runtime.atn.ATNConfig::transform (16 bytes)
Event: 736.365 Thread 0x0000018d77a34b70 nmethod 58359 0x0000018d3674f610 code [0x0000018d3674f7c0, 0x0000018d3674fb78]
Event: 736.365 Thread 0x0000018d77a34b70 58378       4       groovyjarjarantlr4.v4.runtime.atn.ParserATNSimulator::ruleTransition (94 bytes)
Event: 736.373 Thread 0x0000018d424d7fb0 58386       3       groovyjarjarantlr4.v4.runtime.atn.ArrayPredictionContext::hasEmpty (23 bytes)
Event: 736.373 Thread 0x0000018d424d7fb0 nmethod 58386 0x0000018d3117d210 code [0x0000018d3117d3a0, 0x0000018d3117d530]
Event: 736.387 Thread 0x0000018d424d7fb0 58387       3       java.util.HashMap::newTreeNode (13 bytes)
Event: 736.388 Thread 0x0000018d424d7fb0 nmethod 58387 0x0000018d3117d610 code [0x0000018d3117d7c0, 0x0000018d3117d980]
Event: 736.389 Thread 0x0000018d424d7fb0 58388 %     3       groovyjarjarantlr4.v4.runtime.atn.ParserATNSimulator::isConflicted @ 104 (860 bytes)

GC Heap History (20 events):
Event: 692.488 GC heap before
{Heap before GC invocations=119 (full 0):
 garbage-first heap   total reserved 2097152K, committed 705536K, used 651464K [0x0000000080000000, 0x0000000100000000)
  region size 1024K, 247 young (252928K), 12 survivors (12288K)
 Metaspace       used 195491K, committed 199680K, reserved 622592K
  class space    used 26401K, committed 28352K, reserved 425984K
}
Event: 692.524 GC heap after
{Heap after GC invocations=120 (full 0):
 garbage-first heap   total reserved 2097152K, committed 715776K, used 397824K [0x0000000080000000, 0x0000000100000000)
  region size 1024K, 31 young (31744K), 31 survivors (31744K)
 Metaspace       used 195491K, committed 199680K, reserved 622592K
  class space    used 26401K, committed 28352K, reserved 425984K
}
Event: 693.757 GC heap before
{Heap before GC invocations=120 (full 0):
 garbage-first heap   total reserved 2097152K, committed 715776K, used 495104K [0x0000000080000000, 0x0000000100000000)
  region size 1024K, 128 young (131072K), 31 survivors (31744K)
 Metaspace       used 198322K, committed 202496K, reserved 622592K
  class space    used 26751K, committed 28672K, reserved 425984K
}
Event: 693.781 GC heap after
{Heap after GC invocations=121 (full 0):
 garbage-first heap   total reserved 2097152K, committed 715776K, used 410105K [0x0000000080000000, 0x0000000100000000)
  region size 1024K, 17 young (17408K), 17 survivors (17408K)
 Metaspace       used 198322K, committed 202496K, reserved 622592K
  class space    used 26751K, committed 28672K, reserved 425984K
}
Event: 694.823 GC heap before
{Heap before GC invocations=122 (full 0):
 garbage-first heap   total reserved 2097152K, committed 715776K, used 637433K [0x0000000080000000, 0x0000000100000000)
  region size 1024K, 238 young (243712K), 17 survivors (17408K)
 Metaspace       used 201936K, committed 206144K, reserved 622592K
  class space    used 27283K, committed 29248K, reserved 425984K
}
Event: 694.837 GC heap after
{Heap after GC invocations=123 (full 0):
 garbage-first heap   total reserved 2097152K, committed 715776K, used 413696K [0x0000000080000000, 0x0000000100000000)
  region size 1024K, 20 young (20480K), 20 survivors (20480K)
 Metaspace       used 201936K, committed 206144K, reserved 622592K
  class space    used 27283K, committed 29248K, reserved 425984K
}
Event: 697.581 GC heap before
{Heap before GC invocations=123 (full 0):
 garbage-first heap   total reserved 2097152K, committed 715776K, used 657407K [0x0000000080000000, 0x0000000100000000)
  region size 1024K, 249 young (254976K), 20 survivors (20480K)
 Metaspace       used 225903K, committed 230144K, reserved 688128K
  class space    used 30237K, committed 32192K, reserved 425984K
}
Event: 697.640 GC heap after
{Heap after GC invocations=124 (full 0):
 garbage-first heap   total reserved 2097152K, committed 715776K, used 422568K [0x0000000080000000, 0x0000000100000000)
  region size 1024K, 15 young (15360K), 15 survivors (15360K)
 Metaspace       used 225903K, committed 230144K, reserved 688128K
  class space    used 30237K, committed 32192K, reserved 425984K
}
Event: 697.679 GC heap before
{Heap before GC invocations=124 (full 0):
 garbage-first heap   total reserved 2097152K, committed 715776K, used 432808K [0x0000000080000000, 0x0000000100000000)
  region size 1024K, 26 young (26624K), 15 survivors (15360K)
 Metaspace       used 226131K, committed 230400K, reserved 688128K
  class space    used 30255K, committed 32256K, reserved 425984K
}
Event: 697.723 GC heap after
{Heap after GC invocations=125 (full 0):
 garbage-first heap   total reserved 2097152K, committed 715776K, used 424188K [0x0000000080000000, 0x0000000100000000)
  region size 1024K, 17 young (17408K), 17 survivors (17408K)
 Metaspace       used 226131K, committed 230400K, reserved 688128K
  class space    used 30255K, committed 32256K, reserved 425984K
}
Event: 700.829 GC heap before
{Heap before GC invocations=126 (full 0):
 garbage-first heap   total reserved 2097152K, committed 715776K, used 677116K [0x0000000080000000, 0x0000000100000000)
  region size 1024K, 248 young (253952K), 17 survivors (17408K)
 Metaspace       used 237002K, committed 241280K, reserved 688128K
  class space    used 31580K, committed 33536K, reserved 425984K
}
Event: 700.869 GC heap after
{Heap after GC invocations=127 (full 0):
 garbage-first heap   total reserved 2097152K, committed 715776K, used 444322K [0x0000000080000000, 0x0000000100000000)
  region size 1024K, 31 young (31744K), 31 survivors (31744K)
 Metaspace       used 237002K, committed 241280K, reserved 688128K
  class space    used 31580K, committed 33536K, reserved 425984K
}
Event: 703.909 GC heap before
{Heap before GC invocations=127 (full 0):
 garbage-first heap   total reserved 2097152K, committed 715776K, used 655266K [0x0000000080000000, 0x0000000100000000)
  region size 1024K, 229 young (234496K), 31 survivors (31744K)
 Metaspace       used 245261K, committed 249472K, reserved 688128K
  class space    used 32821K, committed 34752K, reserved 425984K
}
Event: 703.955 GC heap after
{Heap after GC invocations=128 (full 0):
 garbage-first heap   total reserved 2097152K, committed 715776K, used 450460K [0x0000000080000000, 0x0000000100000000)
  region size 1024K, 17 young (17408K), 17 survivors (17408K)
 Metaspace       used 245261K, committed 249472K, reserved 688128K
  class space    used 32821K, committed 34752K, reserved 425984K
}
Event: 707.737 GC heap before
{Heap before GC invocations=128 (full 0):
 garbage-first heap   total reserved 2097152K, committed 715776K, used 660380K [0x0000000080000000, 0x0000000100000000)
  region size 1024K, 223 young (228352K), 17 survivors (17408K)
 Metaspace       used 255125K, committed 259328K, reserved 688128K
  class space    used 34033K, committed 35968K, reserved 425984K
}
Event: 707.767 GC heap after
{Heap after GC invocations=129 (full 0):
 garbage-first heap   total reserved 2097152K, committed 715776K, used 456539K [0x0000000080000000, 0x0000000100000000)
  region size 1024K, 8 young (8192K), 8 survivors (8192K)
 Metaspace       used 255125K, committed 259328K, reserved 688128K
  class space    used 34033K, committed 35968K, reserved 425984K
}
Event: 719.895 GC heap before
{Heap before GC invocations=130 (full 0):
 garbage-first heap   total reserved 2097152K, committed 759808K, used 667483K [0x0000000080000000, 0x0000000100000000)
  region size 1024K, 214 young (219136K), 8 survivors (8192K)
 Metaspace       used 272466K, committed 277056K, reserved 688128K
  class space    used 36140K, committed 38272K, reserved 425984K
}
Event: 720.035 GC heap after
{Heap after GC invocations=131 (full 0):
 garbage-first heap   total reserved 2097152K, committed 759808K, used 467456K [0x0000000080000000, 0x0000000100000000)
  region size 1024K, 18 young (18432K), 18 survivors (18432K)
 Metaspace       used 272466K, committed 277056K, reserved 688128K
  class space    used 36140K, committed 38272K, reserved 425984K
}
Event: 736.147 GC heap before
{Heap before GC invocations=131 (full 0):
 garbage-first heap   total reserved 2097152K, committed 759808K, used 676352K [0x0000000080000000, 0x0000000100000000)
  region size 1024K, 223 young (228352K), 18 survivors (18432K)
 Metaspace       used 297930K, committed 302528K, reserved 688128K
  class space    used 39675K, committed 41792K, reserved 425984K
}
Event: 736.346 GC heap after
{Heap after GC invocations=132 (full 0):
 garbage-first heap   total reserved 2097152K, committed 759808K, used 484824K [0x0000000080000000, 0x0000000100000000)
  region size 1024K, 30 young (30720K), 30 survivors (30720K)
 Metaspace       used 297930K, committed 302528K, reserved 688128K
  class space    used 39675K, committed 41792K, reserved 425984K
}

Dll operation events (18 events):
Event: 0.010 Loaded shared library C:\Users\NATAN GAME\.jdks\openjdk-22.0.1\bin\java.dll
Event: 0.038 Loaded shared library C:\Users\NATAN GAME\.jdks\openjdk-22.0.1\bin\jsvml.dll
Event: 0.065 Loaded shared library C:\Users\NATAN GAME\.jdks\openjdk-22.0.1\bin\zip.dll
Event: 0.069 Loaded shared library C:\Users\NATAN GAME\.jdks\openjdk-22.0.1\bin\instrument.dll
Event: 0.075 Loaded shared library C:\Users\NATAN GAME\.jdks\openjdk-22.0.1\bin\net.dll
Event: 0.076 Loaded shared library C:\Users\NATAN GAME\.jdks\openjdk-22.0.1\bin\nio.dll
Event: 0.078 Loaded shared library C:\Users\NATAN GAME\.jdks\openjdk-22.0.1\bin\zip.dll
Event: 0.289 Loaded shared library C:\Users\NATAN GAME\.jdks\openjdk-22.0.1\bin\jimage.dll
Event: 0.386 Loaded shared library C:\Users\NATAN GAME\.jdks\openjdk-22.0.1\bin\verify.dll
Event: 0.443 Loaded shared library C:\Users\NATAN GAME\.gradle\native\1def1411415f61bf3af743bc5b6707747c0891f09f0c88961ee8f79bc544acac\windows-amd64\native-platform.dll
Event: 0.453 Loaded shared library C:\Users\NATAN GAME\.gradle\native\0.2.7\x86_64-windows-gnu\gradle-fileevents.dll
Event: 1.109 Loaded shared library C:\Users\NATAN GAME\.jdks\openjdk-22.0.1\bin\management.dll
Event: 1.111 Loaded shared library C:\Users\NATAN GAME\.jdks\openjdk-22.0.1\bin\management_ext.dll
Event: 1.208 Loaded shared library C:\Users\NATAN GAME\.jdks\openjdk-22.0.1\bin\extnet.dll
Event: 1.360 Loaded shared library C:\Users\NATAN GAME\.jdks\openjdk-22.0.1\bin\sunmscapi.dll
Event: 12.865 Loaded shared library C:\Users\NATAN GAME\.jdks\openjdk-22.0.1\bin\rmi.dll
Event: 36.337 Loaded shared library C:\Users\NATAN GAME\AppData\Local\Temp\jna-2090992\jna13154110009993393009.dll
Event: 698.322 Loaded shared library C:\Users\NATAN GAME\.jdks\openjdk-22.0.1\bin\awt.dll

Deoptimization events (20 events):
Event: 735.977 Thread 0x0000018d77368b80 Uncommon trap: trap_request=0xffffffde fr.pc=0x0000018d36737574 relative=0x00000000000000d4
Event: 735.977 Thread 0x0000018d77368b80 Uncommon trap: reason=class_check action=maybe_recompile pc=0x0000018d36737574 method=groovyjarjarantlr4.v4.runtime.atn.SemanticContext$Predicate.equals(Ljava/lang/Object;)Z @ 1 c2
Event: 735.977 Thread 0x0000018d77368b80 DEOPT PACKING pc=0x0000018d36737574 sp=0x0000008b8d9fb980
Event: 735.977 Thread 0x0000018d77368b80 DEOPT UNPACKING pc=0x0000018d348b46a2 sp=0x0000008b8d9fb908 mode 2
Event: 735.977 Thread 0x0000018d77368b80 Uncommon trap: trap_request=0xffffffde fr.pc=0x0000018d36737574 relative=0x00000000000000d4
Event: 735.977 Thread 0x0000018d77368b80 Uncommon trap: reason=class_check action=maybe_recompile pc=0x0000018d36737574 method=groovyjarjarantlr4.v4.runtime.atn.SemanticContext$Predicate.equals(Ljava/lang/Object;)Z @ 1 c2
Event: 735.977 Thread 0x0000018d77368b80 DEOPT PACKING pc=0x0000018d36737574 sp=0x0000008b8d9fb8a0
Event: 735.977 Thread 0x0000018d77368b80 DEOPT UNPACKING pc=0x0000018d348b46a2 sp=0x0000008b8d9fb828 mode 2
Event: 735.977 Thread 0x0000018d77368b80 Uncommon trap: trap_request=0xffffffde fr.pc=0x0000018d36737574 relative=0x00000000000000d4
Event: 735.977 Thread 0x0000018d77368b80 Uncommon trap: reason=class_check action=maybe_recompile pc=0x0000018d36737574 method=groovyjarjarantlr4.v4.runtime.atn.SemanticContext$Predicate.equals(Ljava/lang/Object;)Z @ 1 c2
Event: 735.977 Thread 0x0000018d77368b80 DEOPT PACKING pc=0x0000018d36737574 sp=0x0000008b8d9fbd00
Event: 735.977 Thread 0x0000018d77368b80 DEOPT UNPACKING pc=0x0000018d348b46a2 sp=0x0000008b8d9fbc88 mode 2
Event: 736.074 Thread 0x0000018d77368b80 Uncommon trap: trap_request=0xffffffc6 fr.pc=0x0000018d3673e8f8 relative=0x0000000000001f58
Event: 736.074 Thread 0x0000018d77368b80 Uncommon trap: reason=bimorphic_or_optimized_type_check action=maybe_recompile pc=0x0000018d3673e8f8 method=groovyjarjarantlr4.v4.runtime.atn.ParserATNSimulator.closure(Lgroovyjarjarantlr4/v4/runtime/atn/ATNConfig;Lgroovyjarjarantlr4/v4/runtime/atn/ATNCon
Event: 736.074 Thread 0x0000018d77368b80 DEOPT PACKING pc=0x0000018d3673e8f8 sp=0x0000008b8d9fb4a0
Event: 736.074 Thread 0x0000018d77368b80 DEOPT UNPACKING pc=0x0000018d348b46a2 sp=0x0000008b8d9fb458 mode 2
Event: 736.099 Thread 0x0000018d77368b80 Uncommon trap: trap_request=0xffffff45 fr.pc=0x0000018d3673e834 relative=0x0000000000001e94
Event: 736.099 Thread 0x0000018d77368b80 Uncommon trap: reason=unstable_if action=reinterpret pc=0x0000018d3673e834 method=groovyjarjarantlr4.v4.runtime.atn.ParserATNSimulator.closure(Lgroovyjarjarantlr4/v4/runtime/atn/ATNConfig;Lgroovyjarjarantlr4/v4/runtime/atn/ATNConfigSet;Lgroovyjarjarantlr4
Event: 736.099 Thread 0x0000018d77368b80 DEOPT PACKING pc=0x0000018d3673e834 sp=0x0000008b8d9fc110
Event: 736.099 Thread 0x0000018d77368b80 DEOPT UNPACKING pc=0x0000018d348b46a2 sp=0x0000008b8d9fc0c8 mode 2

Classes loaded (20 events):
Event: 703.126 Loading class java/util/Spliterators$2Adapter
Event: 703.128 Loading class java/util/Spliterators$2Adapter done
Event: 703.163 Loading class java/lang/StringUTF16$CodePointsSpliterator
Event: 703.163 Loading class java/lang/StringUTF16$CodePointsSpliterator done
Event: 703.276 Loading class sun/nio/cs/MS1251
Event: 703.277 Loading class sun/nio/cs/MS1251 done
Event: 703.369 Loading class jdk/internal/reflect/MethodHandleByteFieldAccessorImpl
Event: 703.402 Loading class jdk/internal/reflect/MethodHandleByteFieldAccessorImpl done
Event: 706.556 Loading class java/util/Tripwire
Event: 706.560 Loading class java/util/Tripwire done
Event: 706.888 Loading class java/util/concurrent/CompletionException
Event: 706.890 Loading class java/util/concurrent/CompletionException done
Event: 707.034 Loading class java/util/jar/JarInputStream
Event: 707.036 Loading class java/util/jar/JarInputStream done
Event: 735.608 Loading class java/nio/channels/AsynchronousCloseException
Event: 735.608 Loading class java/nio/channels/AsynchronousCloseException done
Event: 735.610 Loading class java/lang/invoke/WrongMethodTypeException
Event: 735.611 Loading class java/lang/invoke/WrongMethodTypeException done
Event: 735.635 Loading class java/lang/Throwable$WrappedPrintWriter
Event: 735.635 Loading class java/lang/Throwable$WrappedPrintWriter done

Classes unloaded (20 events):
Event: 698.321 Thread 0x0000018d42488300 Unloading class 0x0000018d459dbc00 'java/lang/invoke/LambdaForm$MH+0x0000018d459dbc00'
Event: 698.321 Thread 0x0000018d42488300 Unloading class 0x0000018d459db800 'java/lang/invoke/LambdaForm$MH+0x0000018d459db800'
Event: 698.321 Thread 0x0000018d42488300 Unloading class 0x0000018d459db000 'java/lang/invoke/LambdaForm$MH+0x0000018d459db000'
Event: 698.321 Thread 0x0000018d42488300 Unloading class 0x0000018d459dac00 'java/lang/invoke/LambdaForm$MH+0x0000018d459dac00'
Event: 698.321 Thread 0x0000018d42488300 Unloading class 0x0000018d459da400 'java/lang/invoke/LambdaForm$MH+0x0000018d459da400'
Event: 698.321 Thread 0x0000018d42488300 Unloading class 0x0000018d459d9c00 'java/lang/invoke/LambdaForm$MH+0x0000018d459d9c00'
Event: 698.321 Thread 0x0000018d42488300 Unloading class 0x0000018d459d9400 'java/lang/invoke/LambdaForm$MH+0x0000018d459d9400'
Event: 698.321 Thread 0x0000018d42488300 Unloading class 0x0000018d459d8c00 'java/lang/invoke/LambdaForm$MH+0x0000018d459d8c00'
Event: 698.321 Thread 0x0000018d42488300 Unloading class 0x0000018d459d8400 'java/lang/invoke/LambdaForm$MH+0x0000018d459d8400'
Event: 698.321 Thread 0x0000018d42488300 Unloading class 0x0000018d459d8000 'java/lang/invoke/LambdaForm$MH+0x0000018d459d8000'
Event: 710.821 Thread 0x0000018d42488300 Unloading class 0x0000018d45fa8c00 'java/lang/invoke/LambdaForm$DMH+0x0000018d45fa8c00'
Event: 710.821 Thread 0x0000018d42488300 Unloading class 0x0000018d45fa8000 'java/lang/invoke/LambdaForm$DMH+0x0000018d45fa8000'
Event: 710.821 Thread 0x0000018d42488300 Unloading class 0x0000018d45de8400 'java/lang/invoke/LambdaForm$DMH+0x0000018d45de8400'
Event: 710.821 Thread 0x0000018d42488300 Unloading class 0x0000018d45ddc400 'java/lang/invoke/LambdaForm$DMH+0x0000018d45ddc400'
Event: 710.821 Thread 0x0000018d42488300 Unloading class 0x0000018d45d50400 'java/lang/invoke/LambdaForm$DMH+0x0000018d45d50400'
Event: 710.821 Thread 0x0000018d42488300 Unloading class 0x0000018d45d2cc00 'java/lang/invoke/LambdaForm$DMH+0x0000018d45d2cc00'
Event: 710.821 Thread 0x0000018d42488300 Unloading class 0x0000018d45d2c400 'java/lang/invoke/LambdaForm$DMH+0x0000018d45d2c400'
Event: 710.821 Thread 0x0000018d42488300 Unloading class 0x0000018d45c71400 'java/lang/invoke/LambdaForm$DMH+0x0000018d45c71400'
Event: 710.821 Thread 0x0000018d42488300 Unloading class 0x0000018d45c70c00 'java/lang/invoke/LambdaForm$DMH+0x0000018d45c70c00'
Event: 710.821 Thread 0x0000018d42488300 Unloading class 0x0000018d45c70400 'java/lang/invoke/LambdaForm$DMH+0x0000018d45c70400'

Classes redefined (0 events):
No events

Internal exceptions (20 events):
Event: 734.354 Thread 0x0000018d6e2f4830 Exception <a 'java/lang/NoSuchMethodError'{0x00000000a50b4e48}: static Lorg/gradle/api/internal/tasks/compile/DefaultJavaCompileSpecFactory$DefaultForkingJavaCompileSpec;.<clinit>()V> (0x00000000a50b4e48) 
thrown [s\open\src\hotspot\share\prims\jni.cpp, line 1111]
Event: 734.356 Thread 0x0000018d6e2f4830 Exception <a 'java/lang/NoSuchMethodError'{0x00000000a50bd660}: static Lorg/gradle/api/internal/tasks/compile/DefaultJavaCompileSpec;.<clinit>()V> (0x00000000a50bd660) 
thrown [s\open\src\hotspot\share\prims\jni.cpp, line 1111]
Event: 734.356 Thread 0x0000018d6e2f4830 Exception <a 'java/lang/NoSuchMethodError'{0x00000000a50c2b08}: static Lorg/gradle/api/internal/tasks/compile/DefaultJvmLanguageCompileSpec;.<clinit>()V> (0x00000000a50c2b08) 
thrown [s\open\src\hotspot\share\prims\jni.cpp, line 1111]
Event: 734.364 Thread 0x0000018d6e2f4830 Exception <a 'java/lang/NoSuchMethodError'{0x00000000a50e4d10}: static Lorg/gradle/api/internal/tasks/compile/MinimalJavaCompileOptions;.<clinit>()V> (0x00000000a50e4d10) 
thrown [s\open\src\hotspot\share\prims\jni.cpp, line 1111]
Event: 734.370 Thread 0x0000018d6e2f4830 Exception <a 'java/lang/NoSuchMethodError'{0x00000000a4fc9c88}: static Lorg/gradle/api/internal/tasks/compile/MinimalJavaCompilerDaemonForkOptions;.<clinit>()V> (0x00000000a4fc9c88) 
thrown [s\open\src\hotspot\share\prims\jni.cpp, line 1111]
Event: 734.370 Thread 0x0000018d6e2f4830 Exception <a 'java/lang/NoSuchMethodError'{0x00000000a4fcc398}: static Lorg/gradle/api/internal/tasks/compile/MinimalCompilerDaemonForkOptions;.<clinit>()V> (0x00000000a4fcc398) 
thrown [s\open\src\hotspot\share\prims\jni.cpp, line 1111]
Event: 734.730 Thread 0x0000018d77368b80 Exception <a 'java/lang/NoSuchMethodError'{0x00000000a48787e8}: 'java.lang.reflect.Method[] java.lang.Class.getDeclaredMethods(java.lang.Class)'> (0x00000000a48787e8) 
thrown [s\open\src\hotspot\share\interpreter\linkResolver.cpp, line 774]
Event: 734.854 Thread 0x0000018d6e2f4830 Exception <a 'java/lang/NoSuchMethodError'{0x00000000a44066b0}: static Lorg/gradle/process/internal/worker/request/WorkerAction;.<clinit>()V> (0x00000000a44066b0) 
thrown [s\open\src\hotspot\share\prims\jni.cpp, line 1111]
Event: 735.033 Thread 0x0000018d77368b80 Exception <a 'java/lang/ClassNotFoundException'{0x00000000a41de7f8}: groovy/lang/ExpandoMetaClassBeanInfo> (0x00000000a41de7f8) 
thrown [s\open\src\hotspot\share\classfile\systemDictionary.cpp, line 313]
Event: 735.033 Thread 0x0000018d77368b80 Exception <a 'java/lang/ClassNotFoundException'{0x00000000a41e13c8}: groovy/lang/MetaClassImplBeanInfo> (0x00000000a41e13c8) 
thrown [s\open\src\hotspot\share\classfile\systemDictionary.cpp, line 313]
Event: 735.035 Thread 0x0000018d77368b80 Exception <a 'java/lang/ClassNotFoundException'{0x00000000a41e3f78}: groovy/lang/MetaClassImplCustomizer> (0x00000000a41e3f78) 
thrown [s\open\src\hotspot\share\classfile\systemDictionary.cpp, line 313]
Event: 735.045 Thread 0x0000018d77368b80 Exception <a 'java/lang/ClassNotFoundException'{0x00000000a4005350}: groovy/lang/ExpandoMetaClassCustomizer> (0x00000000a4005350) 
thrown [s\open\src\hotspot\share\classfile\systemDictionary.cpp, line 313]
Event: 735.070 Thread 0x0000018d77368b80 Exception <a 'java/lang/ClassNotFoundException'{0x00000000a40735e0}: org/codehaus/groovy/ast/builder/AstBuilderBeanInfo> (0x00000000a40735e0) 
thrown [s\open\src\hotspot\share\classfile\systemDictionary.cpp, line 313]
Event: 735.071 Thread 0x0000018d77368b80 Exception <a 'java/lang/ClassNotFoundException'{0x00000000a4076360}: org/codehaus/groovy/ast/builder/AstBuilderCustomizer> (0x00000000a4076360) 
thrown [s\open\src\hotspot\share\classfile\systemDictionary.cpp, line 313]
Event: 735.084 Thread 0x0000018d77368b80 Exception <a 'java/lang/ClassNotFoundException'{0x00000000a40cf720}: org/codehaus/groovy/control/CompilePhaseBeanInfo> (0x00000000a40cf720) 
thrown [s\open\src\hotspot\share\classfile\systemDictionary.cpp, line 313]
Event: 735.084 Thread 0x0000018d77368b80 Exception <a 'java/lang/ClassNotFoundException'{0x00000000a40d2490}: org/codehaus/groovy/control/CompilePhaseCustomizer> (0x00000000a40d2490) 
thrown [s\open\src\hotspot\share\classfile\systemDictionary.cpp, line 313]
Event: 735.139 Thread 0x0000018d6e68e950 Exception <a 'sun/nio/fs/WindowsException'{0x00000000a3ea9fb8}> (0x00000000a3ea9fb8) 
thrown [s\open\src\hotspot\share\prims\jni.cpp, line 520]
Event: 735.191 Thread 0x0000018d77368b80 Implicit null exception at 0x0000018d364969f0 to 0x0000018d364970b0
Event: 735.606 Thread 0x0000018d6e2f4830 Implicit null exception at 0x0000018d35f1ca00 to 0x0000018d35f1d300
Event: 735.607 Thread 0x0000018d78c3e0b0 Exception <a 'java/io/IOException'{0x00000000a4600170}> (0x00000000a4600170) 
thrown [s\open\src\hotspot\share\prims\jni.cpp, line 520]

ZGC Phase Switch (0 events):
No events

VM Operations (20 events):
Event: 734.215 Executing VM operation: HandshakeAllThreads (Deoptimize)
Event: 734.216 Executing VM operation: HandshakeAllThreads (Deoptimize) done
Event: 734.216 Executing VM operation: Cleanup
Event: 734.217 Executing VM operation: Cleanup done
Event: 734.435 Executing VM operation: HandshakeAllThreads (Deoptimize)
Event: 734.436 Executing VM operation: HandshakeAllThreads (Deoptimize) done
Event: 735.082 Executing VM operation: ICBufferFull
Event: 735.083 Executing VM operation: ICBufferFull done
Event: 735.624 Executing VM operation: HandshakeAllThreads (Deoptimize)
Event: 735.625 Executing VM operation: HandshakeAllThreads (Deoptimize) done
Event: 735.690 Executing VM operation: HandshakeAllThreads (Deoptimize)
Event: 735.757 Executing VM operation: HandshakeAllThreads (Deoptimize) done
Event: 735.775 Executing VM operation: HandshakeAllThreads (Deoptimize)
Event: 735.776 Executing VM operation: HandshakeAllThreads (Deoptimize) done
Event: 735.798 Executing VM operation: HandshakeAllThreads (Deoptimize)
Event: 735.871 Executing VM operation: HandshakeAllThreads (Deoptimize) done
Event: 735.875 Executing VM operation: ICBufferFull
Event: 735.878 Executing VM operation: ICBufferFull done
Event: 736.135 Executing VM operation: G1TryInitiateConcMark (CodeCache GC Threshold)
Event: 736.347 Executing VM operation: G1TryInitiateConcMark (CodeCache GC Threshold) done

Events (20 events):
Event: 713.511 Thread 0x0000018d6e21b8b0 Thread exited: 0x0000018d6e21b8b0
Event: 726.164 Thread 0x0000018d780b6610 Thread added: 0x0000018d780b6610
Event: 726.983 Thread 0x0000018d780b6610 Thread exited: 0x0000018d780b6610
Event: 732.396 Thread 0x0000018d7b1d6270 Thread added: 0x0000018d7b1d6270
Event: 732.396 Thread 0x0000018d7b1d4060 Thread added: 0x0000018d7b1d4060
Event: 732.725 Thread 0x0000018d7b1d4060 Thread exited: 0x0000018d7b1d4060
Event: 732.725 Thread 0x0000018d7b1d6270 Thread exited: 0x0000018d7b1d6270
Event: 732.884 Thread 0x0000018d7629c0e0 Thread added: 0x0000018d7629c0e0
Event: 733.104 Thread 0x0000018d7629c0e0 Thread exited: 0x0000018d7629c0e0
Event: 734.171 Thread 0x0000018d7629c0e0 Thread added: 0x0000018d7629c0e0
Event: 734.696 Thread 0x0000018d78c3e0b0 Thread added: 0x0000018d78c3e0b0
Event: 734.898 Thread 0x0000018d7af69f40 Thread added: 0x0000018d7af69f40
Event: 734.913 Thread 0x0000018d7af69f40 Thread exited: 0x0000018d7af69f40
Event: 734.990 Thread 0x0000018d7629c0e0 Thread exited: 0x0000018d7629c0e0
Event: 735.169 Thread 0x0000018d6efb3760 Thread added: 0x0000018d6efb3760
Event: 735.209 Thread 0x0000018d77a34b70 Thread added: 0x0000018d77a34b70
Event: 735.539 Thread 0x0000018d77a34b70 Thread exited: 0x0000018d77a34b70
Event: 735.609 Thread 0x0000018d78c3e0b0 Thread exited: 0x0000018d78c3e0b0
Event: 735.774 Thread 0x0000018d6efb3760 Thread exited: 0x0000018d6efb3760
Event: 735.889 Thread 0x0000018d77a34b70 Thread added: 0x0000018d77a34b70


Dynamic libraries:
0x00007ff6a8290000 - 0x00007ff6a829e000 	C:\Users\NATAN GAME\.jdks\openjdk-22.0.1\bin\java.exe
0x00007ffb9ffd0000 - 0x00007ffba01c8000 	C:\WINDOWS\SYSTEM32\ntdll.dll
0x00007ffb9e450000 - 0x00007ffb9e512000 	C:\WINDOWS\System32\KERNEL32.DLL
0x00007ffb9d990000 - 0x00007ffb9dc8f000 	C:\WINDOWS\System32\KERNELBASE.dll
0x00007ffb9d890000 - 0x00007ffb9d990000 	C:\WINDOWS\System32\ucrtbase.dll
0x00007ffb820c0000 - 0x00007ffb820d7000 	C:\Users\NATAN GAME\.jdks\openjdk-22.0.1\bin\jli.dll
0x00007ffb820a0000 - 0x00007ffb820bb000 	C:\Users\NATAN GAME\.jdks\openjdk-22.0.1\bin\VCRUNTIME140.dll
0x00007ffb9fdf0000 - 0x00007ffb9ff8d000 	C:\WINDOWS\System32\USER32.dll
0x00007ffb87ce0000 - 0x00007ffb87f7a000 	C:\WINDOWS\WinSxS\amd64_microsoft.windows.common-controls_6595b64144ccf1df_6.0.19041.4355_none_60b8b9eb71f62e16\COMCTL32.dll
0x00007ffb9d860000 - 0x00007ffb9d882000 	C:\WINDOWS\System32\win32u.dll
0x00007ffb9e050000 - 0x00007ffb9e0ee000 	C:\WINDOWS\System32\msvcrt.dll
0x00007ffb9e540000 - 0x00007ffb9e56b000 	C:\WINDOWS\System32\GDI32.dll
0x00007ffb9ddc0000 - 0x00007ffb9ded7000 	C:\WINDOWS\System32\gdi32full.dll
0x00007ffb9d660000 - 0x00007ffb9d6fd000 	C:\WINDOWS\System32\msvcp_win.dll
0x00007ffb9fa80000 - 0x00007ffb9faaf000 	C:\WINDOWS\System32\IMM32.DLL
0x00007ffb81ff0000 - 0x00007ffb81ffc000 	C:\Users\NATAN GAME\.jdks\openjdk-22.0.1\bin\vcruntime140_1.dll
0x00007ffb72390000 - 0x00007ffb7241e000 	C:\Users\NATAN GAME\.jdks\openjdk-22.0.1\bin\msvcp140.dll
0x00007ffb0e2c0000 - 0x00007ffb0f007000 	C:\Users\NATAN GAME\.jdks\openjdk-22.0.1\bin\server\jvm.dll
0x00007ffb9eed0000 - 0x00007ffb9ef81000 	C:\WINDOWS\System32\ADVAPI32.dll
0x00007ffb9f910000 - 0x00007ffb9f9af000 	C:\WINDOWS\System32\sechost.dll
0x00007ffb9fb20000 - 0x00007ffb9fc43000 	C:\WINDOWS\System32\RPCRT4.dll
0x00007ffb9dc90000 - 0x00007ffb9dcb7000 	C:\WINDOWS\System32\bcrypt.dll
0x00007ffb9fa10000 - 0x00007ffb9fa7b000 	C:\WINDOWS\System32\WS2_32.dll
0x00007ffb9d1d0000 - 0x00007ffb9d21b000 	C:\WINDOWS\SYSTEM32\POWRPROF.dll
0x00007ffb93510000 - 0x00007ffb93537000 	C:\WINDOWS\SYSTEM32\WINMM.dll
0x00007ffb94e00000 - 0x00007ffb94e0a000 	C:\WINDOWS\SYSTEM32\VERSION.dll
0x00007ffb9d1b0000 - 0x00007ffb9d1c2000 	C:\WINDOWS\SYSTEM32\UMPDC.dll
0x00007ffb9b500000 - 0x00007ffb9b512000 	C:\WINDOWS\SYSTEM32\kernel.appcore.dll
0x00007ffb800e0000 - 0x00007ffb800ea000 	C:\Users\NATAN GAME\.jdks\openjdk-22.0.1\bin\jimage.dll
0x00007ffb95f90000 - 0x00007ffb96174000 	C:\WINDOWS\SYSTEM32\DBGHELP.DLL
0x00007ffb87200000 - 0x00007ffb87234000 	C:\WINDOWS\SYSTEM32\dbgcore.DLL
0x00007ffb9dcc0000 - 0x00007ffb9dd42000 	C:\WINDOWS\System32\bcryptPrimitives.dll
0x00007ffb800d0000 - 0x00007ffb800df000 	C:\Users\NATAN GAME\.jdks\openjdk-22.0.1\bin\instrument.dll
0x00007ffb7a390000 - 0x00007ffb7a3ae000 	C:\Users\NATAN GAME\.jdks\openjdk-22.0.1\bin\java.dll
0x00007ffb9e570000 - 0x00007ffb9ecde000 	C:\WINDOWS\System32\SHELL32.dll
0x00007ffb9e2a0000 - 0x00007ffb9e3cb000 	C:\WINDOWS\System32\ole32.dll
0x00007ffb9ef90000 - 0x00007ffb9f2e5000 	C:\WINDOWS\System32\combase.dll
0x00007ffb9b700000 - 0x00007ffb9bea4000 	C:\WINDOWS\SYSTEM32\windows.storage.dll
0x00007ffb9d020000 - 0x00007ffb9d04f000 	C:\WINDOWS\SYSTEM32\Wldp.dll
0x00007ffb9ee00000 - 0x00007ffb9eecd000 	C:\WINDOWS\System32\OLEAUT32.dll
0x00007ffb9f860000 - 0x00007ffb9f90d000 	C:\WINDOWS\System32\SHCORE.dll
0x00007ffb9dff0000 - 0x00007ffb9e045000 	C:\WINDOWS\System32\shlwapi.dll
0x00007ffb9d590000 - 0x00007ffb9d5b4000 	C:\WINDOWS\SYSTEM32\profapi.dll
0x00007ffb722b0000 - 0x00007ffb72387000 	C:\Users\NATAN GAME\.jdks\openjdk-22.0.1\bin\jsvml.dll
0x00007ffb7a370000 - 0x00007ffb7a387000 	C:\Users\NATAN GAME\.jdks\openjdk-22.0.1\bin\zip.dll
0x00007ffb7b4c0000 - 0x00007ffb7b4d0000 	C:\Users\NATAN GAME\.jdks\openjdk-22.0.1\bin\net.dll
0x00007ffb9cd20000 - 0x00007ffb9cd8a000 	C:\WINDOWS\system32\mswsock.dll
0x00007ffb79170000 - 0x00007ffb79186000 	C:\Users\NATAN GAME\.jdks\openjdk-22.0.1\bin\nio.dll
0x00007ffb7a2c0000 - 0x00007ffb7a2d0000 	C:\Users\NATAN GAME\.jdks\openjdk-22.0.1\bin\verify.dll
0x00007ffb822f0000 - 0x00007ffb82317000 	C:\Users\NATAN GAME\.gradle\native\1def1411415f61bf3af743bc5b6707747c0891f09f0c88961ee8f79bc544acac\windows-amd64\native-platform.dll
0x00007ffb77a50000 - 0x00007ffb77ac8000 	C:\Users\NATAN GAME\.gradle\native\0.2.7\x86_64-windows-gnu\gradle-fileevents.dll
0x00007ffb79040000 - 0x00007ffb7904a000 	C:\Users\NATAN GAME\.jdks\openjdk-22.0.1\bin\management.dll
0x00007ffb79030000 - 0x00007ffb7903b000 	C:\Users\NATAN GAME\.jdks\openjdk-22.0.1\bin\management_ext.dll
0x00007ffb9dfe0000 - 0x00007ffb9dfe8000 	C:\WINDOWS\System32\PSAPI.DLL
0x00007ffb9ca00000 - 0x00007ffb9ca3b000 	C:\WINDOWS\SYSTEM32\IPHLPAPI.DLL
0x00007ffb9f2f0000 - 0x00007ffb9f2f8000 	C:\WINDOWS\System32\NSI.dll
0x00007ffb78d20000 - 0x00007ffb78d29000 	C:\Users\NATAN GAME\.jdks\openjdk-22.0.1\bin\extnet.dll
0x00007ffb9cf10000 - 0x00007ffb9cf28000 	C:\WINDOWS\SYSTEM32\CRYPTSP.dll
0x00007ffb9c640000 - 0x00007ffb9c674000 	C:\WINDOWS\system32\rsaenh.dll
0x00007ffb9d510000 - 0x00007ffb9d53e000 	C:\WINDOWS\SYSTEM32\USERENV.dll
0x00007ffb9cf30000 - 0x00007ffb9cf3c000 	C:\WINDOWS\SYSTEM32\CRYPTBASE.dll
0x00007ffb789c0000 - 0x00007ffb789ce000 	C:\Users\NATAN GAME\.jdks\openjdk-22.0.1\bin\sunmscapi.dll
0x00007ffb9d700000 - 0x00007ffb9d85c000 	C:\WINDOWS\System32\CRYPT32.dll
0x00007ffb9d090000 - 0x00007ffb9d0b7000 	C:\WINDOWS\SYSTEM32\ncrypt.dll
0x00007ffb9d050000 - 0x00007ffb9d08b000 	C:\WINDOWS\SYSTEM32\NTASN1.dll
0x00007ffb78380000 - 0x00007ffb78387000 	C:\WINDOWS\system32\wshunix.dll
0x00007ffb9ca40000 - 0x00007ffb9cb0a000 	C:\WINDOWS\SYSTEM32\DNSAPI.dll
0x0000000069790000 - 0x00000000697b6000 	C:\Program Files\Bonjour\mdnsNSP.dll
0x00007ffb8caa0000 - 0x00007ffb8caaa000 	C:\Windows\System32\rasadhlp.dll
0x00007ffb8d6d0000 - 0x00007ffb8d750000 	C:\WINDOWS\System32\fwpuclnt.dll
0x00007ffb789a0000 - 0x00007ffb789a7000 	C:\Users\NATAN GAME\.jdks\openjdk-22.0.1\bin\rmi.dll
0x00007ffb73140000 - 0x00007ffb73181000 	C:\Users\NATAN GAME\AppData\Local\Temp\jna-2090992\jna13154110009993393009.dll
0x00007ffb9c890000 - 0x00007ffb9c8c3000 	C:\WINDOWS\SYSTEM32\ntmarta.dll
0x00007ffb99f50000 - 0x00007ffb99fe4000 	C:\WINDOWS\system32\apphelp.dll
0x00007ffb64580000 - 0x00007ffb6470d000 	C:\Users\NATAN GAME\.jdks\openjdk-22.0.1\bin\awt.dll
0x00007ffb9b010000 - 0x00007ffb9b0ae000 	C:\WINDOWS\system32\uxtheme.dll
0x00007ffb9ece0000 - 0x00007ffb9edf5000 	C:\WINDOWS\System32\MSCTF.dll

dbghelp: loaded successfully - version: 4.0.5 - missing functions: none
symbol engine: initialized successfully - sym options: 0x614 - pdb path: .;C:\Users\NATAN GAME\.jdks\openjdk-22.0.1\bin;C:\WINDOWS\SYSTEM32;C:\WINDOWS\WinSxS\amd64_microsoft.windows.common-controls_6595b64144ccf1df_6.0.19041.4355_none_60b8b9eb71f62e16;C:\Users\NATAN GAME\.jdks\openjdk-22.0.1\bin\server;C:\Users\NATAN GAME\.gradle\native\1def1411415f61bf3af743bc5b6707747c0891f09f0c88961ee8f79bc544acac\windows-amd64;C:\Users\NATAN GAME\.gradle\native\0.2.7\x86_64-windows-gnu;C:\Program Files\Bonjour;C:\Users\NATAN GAME\AppData\Local\Temp\jna-2090992

VM Arguments:
jvm_args: --add-opens=java.base/java.lang=ALL-UNNAMED --add-opens=java.base/java.lang.invoke=ALL-UNNAMED --add-opens=java.base/java.util=ALL-UNNAMED --add-opens=java.prefs/java.util.prefs=ALL-UNNAMED --add-exports=jdk.compiler/com.sun.tools.javac.api=ALL-UNNAMED --add-exports=jdk.compiler/com.sun.tools.javac.util=ALL-UNNAMED --add-opens=java.base/java.util=ALL-UNNAMED --add-opens=java.prefs/java.util.prefs=ALL-UNNAMED --add-opens=java.base/java.nio.charset=ALL-UNNAMED --add-opens=java.base/java.net=ALL-UNNAMED --add-opens=java.base/java.util.concurrent.atomic=ALL-UNNAMED --add-opens=java.xml/javax.xml.namespace=ALL-UNNAMED -XX:MaxMetaspaceSize=512m -Xmx2048m -Dfile.encoding=UTF-8 -Duser.country=BR -Duser.language=pt -Duser.variant -javaagent:C:\Users\NATAN GAME\.gradle\wrapper\dists\gradle-8.14.3-bin\cv11ve7ro1n3o1j4so8xd9n66\gradle-8.14.3\lib\agents\gradle-instrumentation-agent-8.14.3.jar 
java_command: org.gradle.launcher.daemon.bootstrap.GradleDaemon 8.14.3
java_class_path (initial): C:\Users\NATAN GAME\.gradle\wrapper\dists\gradle-8.14.3-bin\cv11ve7ro1n3o1j4so8xd9n66\gradle-8.14.3\lib\gradle-daemon-main-8.14.3.jar
Launcher Type: SUN_STANDARD

[Global flags]
     intx CICompilerCount                          = 4                                         {product} {ergonomic}
   size_t CompressedClassSpaceSize                 = 436207616                                 {product} {ergonomic}
     uint ConcGCThreads                            = 3                                         {product} {ergonomic}
     uint G1ConcRefinementThreads                  = 10                                        {product} {ergonomic}
   size_t G1HeapRegionSize                         = 1048576                                   {product} {ergonomic}
   size_t InitialHeapSize                          = 123731968                                 {product} {ergonomic}
   size_t MarkStackSize                            = 4194304                                   {product} {ergonomic}
   size_t MaxHeapSize                              = 2147483648                                {product} {command line}
   size_t MaxMetaspaceSize                         = 536870912                                 {product} {command line}
   size_t MaxNewSize                               = 1287651328                                {product} {ergonomic}
   size_t MinHeapDeltaBytes                        = 1048576                                   {product} {ergonomic}
   size_t MinHeapSize                              = 8388608                                   {product} {ergonomic}
    uintx NonNMethodCodeHeapSize                   = 5839372                                {pd product} {ergonomic}
    uintx NonProfiledCodeHeapSize                  = 122909434                              {pd product} {ergonomic}
    uintx ProfiledCodeHeapSize                     = 122909434                              {pd product} {ergonomic}
    uintx ReservedCodeCacheSize                    = 251658240                              {pd product} {ergonomic}
     bool SegmentedCodeCache                       = true                                      {product} {ergonomic}
   size_t SoftMaxHeapSize                          = 2147483648                             {manageable} {ergonomic}
     bool UseCompressedOops                        = true                           {product lp64_product} {ergonomic}
     bool UseG1GC                                  = true                                      {product} {ergonomic}
     bool UseLargePagesIndividualAllocation        = false                                  {pd product} {ergonomic}

Logging:
Log output configuration:
 #0: stdout all=warning uptime,level,tags foldmultilines=false
 #1: stderr all=off uptime,level,tags foldmultilines=false

Environment Variables:
JAVA_HOME=C:\Users\NATAN GAME\.jdks\openjdk-22.0.1
PATH=C:\Program Files\Common Files\Oracle\Java\javapath;C:\Program Files\OpenLogic\jdk-8.0.432.06-hotspot\bin;C:\WINDOWS\system32;C:\WINDOWS;C:\WINDOWS\System32\Wbem;C:\WINDOWS\System32\WindowsPowerShell\v1.0\;C:\WINDOWS\System32\OpenSSH\;C:\Program Files\dotnet\;C:\Program Files\Git\cmd;C:\Users\NATAN GAME\AppData\Local\Microsoft\WindowsApps;C:\Users\NATAN GAME\AppData\Local\Programs\Microsoft VS Code\bin;C:\Program Files\MySQL\MySQL Server 9.0\bin\;c:\maven\apache-maven-3.9.9\bin;C:\Program Files\JetBrains\PyCharm 2024.2.4\bin;C:\sqlite3;C:\libimobiledevice\bin;C:\ProgramData\chocolatey\bin;C:\Program Files\nodejs\;C:\Users\NATAN GAME\AppData\Local\Microsoft\WindowsApps;C:\Users\NATAN GAME\AppData\Local\Programs\Microsoft VS Code\bin;C:\Program Files\MySQL\MySQL Server 9.0\bin\;c:\maven\apache-maven-3.9.9\bin;C:\Program Files\JetBrains\PyCharm 2024.2.4\bin;;C:\sqlite3;C:\Users\NATAN GAME\AppData\Roaming\npm;C:\Users\NATAN GAME\AppData\Local\Android\Sdk\platform-tools;C:\Users\NATAN GAME\AppData\Local\Android\Sdk\emulator;C:\Users\NATAN GAME\AppData\Local\Android\Sdk\tools;C:\Users\NATAN GAME\AppData\Local\Android\Sdk\tools\bin;
USERNAME=DAVI
OS=Windows_NT
PROCESSOR_IDENTIFIER=AMD64 Family 25 Model 80 Stepping 0, AuthenticAMD
TMP=C:\Users\NATANG~1\AppData\Local\Temp
TEMP=C:\Users\NATANG~1\AppData\Local\Temp




Periodic native trim disabled

---------------  S Y S T E M  ---------------

OS:
 Windows 10 , 64 bit Build 19041 (10.0.19041.5198)
OS uptime: 0 days 2:58 hours

CPU: total 12 (initial active 12) (12 cores per cpu, 2 threads per core) family 25 model 80 stepping 0 microcode 0x0, cx8, cmov, fxsr, ht, mmx, 3dnowpref, sse, sse2, sse3, ssse3, sse4a, sse4.1, sse4.2, popcnt, lzcnt, tsc, tscinvbit, avx, avx2, aes, erms, clmul, bmi1, bmi2, adx, sha, fma, vzeroupper, clflush, clflushopt, rdtscp, rdpid, fsrm, f16c, pku, cet_ss
Processor Information for all 12 processors :
  Max Mhz: 4200, Current Mhz: 4200, Mhz Limit: 4200

Memory: 4k page, system-wide physical 7471M (1589M free)
TotalPageFile size 29999M (AvailPageFile size 2063M)
current process WorkingSet (physical memory assigned to process): 884M, peak: 1176M
current process commit charge ("private bytes"): 1517M, peak: 1522M

vm_info: OpenJDK 64-Bit Server VM (22.0.1+8-16) for windows-amd64 JRE (22.0.1+8-16), built on 2024-03-12T10:33:16Z by "mach5one" with MS VC++ 17.6 (VS2022)

END.
